periodo,ano,mes,DPTO,pea,desempleados,tasa
2022-02,2022,2,5,2855437.8404865996,258217.285950254,9.04
2022-02,2022,2,8,1088332.6352851982,70735.93949905,6.5
2022-02,2022,2,11,4018951.79485498,421183.70247086004,10.48
2022-02,2022,2,13,830478.75947504,73038.90692231,8.79
2022-02,2022,2,15,488375.207366275,63416.14780666299,12.99
2022-02,2022,2,17,425790.233842814,34385.260114401004,8.08
2022-02,2022,2,18,160966.300553307,10048.198516417,6.24
2022-02,2022,2,19,563810.4102172109,43890.555683968996,7.78
2022-02,2022,2,20,505989.27144999296,82344.182416656,16.27
2022-02,2022,2,23,730549.8509677929,77937.82438610401,10.67
2022-02,2022,2,25,1509003.6827808148,202138.5693049,13.4
2022-02,2022,2,27,181284.127204581,9661.129493607,5.33
2022-02,2022,2,41,464705.926925066,45409.074372809,9.77
2022-02,2022,2,44,381230.78947296797,29547.933327756997,7.75
2022-02,2022,2,47,544019.898285952,48662.358821702,8.94
2022-02,2022,2,50,480939.374607146,58966.26897587,12.26
2022-02,2022,2,52,692670.441453887,27646.121501303,3.99
2022-02,2022,2,54,643758.8640065601,64345.95453972,10.0
2022-02,2022,2,63,252674.83228345297,22211.219389271002,8.79
2022-02,2022,2,66,445469.9772623209,52904.640715713,11.88
2022-02,2022,2,68,991325.277952696,59306.89141288,5.98
2022-02,2022,2,70,440520.007959591,34115.521371471004,7.74
2022-02,2022,2,73,576004.7586857299,92616.28387568,16.08
2022-02,2022,2,76,1966452.595697261,227509.05561159994,11.57
2022-02,2022,2,81,33893.881157276,9070.245147342,26.76
2022-02,2022,2,85,80657.93034,8733.08801301,10.83
2022-02,2022,2,86,22605.089326767,6043.746836828001,26.74
2022-02,2022,2,88,21654.203295429,1061.0714152720002,4.9
2022-02,2022,2,91,16011.331157155002,2284.207282528,14.27
2022-02,2022,2,94,9278.252043599,745.295864598,8.03
2022-02,2022,2,95,17146.221905537997,869.425024022,5.07
2022-02,2022,2,97,3978.1020810014,217.214664112,5.46
2022-02,2022,2,99,7617.233589534,1269.4714873469998,16.67
2022-03,2022,3,5,3073150.406850297,216718.77241906,7.05
2022-03,2022,3,8,1089099.476037543,67764.633783093,6.22
2022-03,2022,3,11,4064455.7815961298,459922.29305760004,11.32
2022-03,2022,3,13,853663.040504601,87816.193024515,10.29
2022-03,2022,3,15,544861.3930894099,37614.207680955995,6.9
2022-03,2022,3,17,419817.519155044,35548.394737701,8.47
2022-03,2022,3,18,156211.91849508,6627.244776622,4.24
2022-03,2022,3,19,540560.935403063,47413.841582279,8.77
2022-03,2022,3,20,468663.92019894393,56500.574626744,12.06
2022-03,2022,3,23,712979.589599385,73275.276604544,10.28
2022-03,2022,3,25,1418091.0292293578,164720.89736387398,11.62
2022-03,2022,3,27,174569.228700828,9178.048821639,5.26
2022-03,2022,3,41,443046.823302454,39240.39596023099,8.86
2022-03,2022,3,44,397400.441552028,26757.317740912004,6.73
2022-03,2022,3,47,518554.61057912,40278.08587417201,7.77
2022-03,2022,3,50,492971.60998942703,49107.79750432201,9.96
2022-03,2022,3,52,670828.257992903,24289.975274723,3.62
2022-03,2022,3,54,654304.54431636,66500.352136,10.16
2022-03,2022,3,63,250830.51499853702,24749.785341657,9.87
2022-03,2022,3,66,423899.289637284,47059.009990433995,11.1
2022-03,2022,3,68,962247.041361971,83760.16912122001,8.7
2022-03,2022,3,70,382586.83682667895,25755.452674878,6.73
2022-03,2022,3,73,567569.8218552901,76472.52071074,13.47
2022-03,2022,3,76,1927578.690494909,175963.45324414,9.13
2022-03,2022,3,81,35735.047406907,8342.012718884,23.34
2022-03,2022,3,85,81269.86499761001,9934.148440879999,12.22
2022-03,2022,3,86,21339.632942250995,5004.784658299999,23.45
2022-03,2022,3,88,22992.893317118,978.087425235,4.25
2022-03,2022,3,91,16329.657059534,2073.977763365,12.7
2022-03,2022,3,94,8486.289094431999,677.2495024980001,7.98
2022-03,2022,3,95,20068.379559614,369.522105913,1.84
2022-03,2022,3,97,3932.1470036711,168.01318814299998,4.27
2022-03,2022,3,99,7671.891116006,1928.3145451860003,25.13
2022-04,2022,4,5,2938797.116071786,150903.18973782597,5.13
2022-04,2022,4,8,1067901.05537977,44999.60541832,4.21
2022-04,2022,4,11,4011095.52371272,372595.76722370996,9.29
2022-04,2022,4,13,811619.7971361671,66037.112160599,8.14
2022-04,2022,4,15,548960.136528059,23668.927316014997,4.31
2022-04,2022,4,17,399125.932080122,26407.224408918002,6.62
2022-04,2022,4,18,163448.241640666,8372.980559609001,5.12
2022-04,2022,4,19,563166.05703366,21429.866433125,3.81
2022-04,2022,4,20,488864.561451844,57071.267552656995,11.67
2022-04,2022,4,23,704926.6380211811,82753.72979200001,11.74
2022-04,2022,4,25,1399568.296608231,139810.59515998902,9.99
2022-04,2022,4,27,133099.684553708,5626.306228364,4.23
2022-04,2022,4,41,423313.99721450603,39129.23887122399,9.24
2022-04,2022,4,44,356157.721126971,28714.965232931,8.06
2022-04,2022,4,47,501328.749782659,34761.926590346004,6.93
2022-04,2022,4,50,460824.13555217,58262.946636117995,12.64
2022-04,2022,4,52,546079.733367451,33055.824059620994,6.05
2022-04,2022,4,54,684240.637172578,63786.02178412001,9.32
2022-04,2022,4,63,242881.360733043,24155.014327243996,9.95
2022-04,2022,4,66,415076.604254037,37991.31630159,9.15
2022-04,2022,4,68,907141.3850229139,63657.480254259994,7.02
2022-04,2022,4,70,400204.95961733104,29289.338460789008,7.32
2022-04,2022,4,73,537134.63064031,93657.15933842,17.44
2022-04,2022,4,76,1939856.243658286,194843.67371961402,10.04
2022-04,2022,4,81,37298.533252406996,9831.81621774,26.36
2022-04,2022,4,85,80961.24599169,12210.537310750002,15.08
2022-04,2022,4,86,18051.601825432,4181.465935436,23.16
2022-04,2022,4,88,21009.93810661,904.68773318,4.31
2022-04,2022,4,91,15558.92925722,1392.710846138,8.95
2022-04,2022,4,94,9282.417802707001,965.2419026120001,10.4
2022-04,2022,4,95,16880.238683016996,408.857915709,2.42
2022-04,2022,4,97,3940.8684510568,142.2645983408,3.61
2022-04,2022,4,99,7072.011515664,1117.147847224,15.8
2022-05,2022,5,5,3009241.6520080697,221474.20193133,7.36
2022-05,2022,5,8,1046010.387338831,47278.95080889599,4.52
2022-05,2022,5,11,4063149.95314114,333898.2696924,8.22
2022-05,2022,5,13,857959.28708436,74164.19529614999,8.64
2022-05,2022,5,15,557221.5589221059,48251.469484208996,8.66
2022-05,2022,5,17,392619.07303893,17394.898284809,4.43
2022-05,2022,5,18,162608.916509418,8563.413339341,5.27
2022-05,2022,5,19,636813.671260719,31104.866970578,4.88
2022-05,2022,5,20,470632.968947534,47941.948053096996,10.19
2022-05,2022,5,23,664423.8304532759,59855.15684556,9.01
2022-05,2022,5,25,1456305.9006162118,155700.14310174398,10.69
2022-05,2022,5,27,159990.970826025,11234.56781719,7.02
2022-05,2022,5,41,482881.608500071,31846.324012627,6.6
2022-05,2022,5,44,405360.71743511903,21121.838072071,5.21
2022-05,2022,5,47,510504.016307094,32047.557105628002,6.28
2022-05,2022,5,50,513257.698532893,50007.07694065099,9.74
2022-05,2022,5,52,642060.9880977849,24608.317133290002,3.83
2022-05,2022,5,54,690450.65047481,67424.53369049,9.77
2022-05,2022,5,63,227431.628370127,23141.394707731997,10.18
2022-05,2022,5,66,428620.634122212,31635.657930907,7.38
2022-05,2022,5,68,1002018.729388517,73766.27593561,7.36
2022-05,2022,5,70,364507.94083547103,26083.448149913,7.16
2022-05,2022,5,73,551659.626420112,73589.98416444001,13.34
2022-05,2022,5,76,2086628.621963393,169698.72251349603,8.13
2022-05,2022,5,81,39805.68350743,10152.373917989999,25.5
2022-05,2022,5,85,77479.56395296,7190.611060960001,9.28
2022-05,2022,5,86,18519.922960382,3634.5185646940004,19.62
2022-05,2022,5,88,21036.881407032,1139.163375565,5.42
2022-05,2022,5,91,15375.304902812999,1509.916484971,9.82
2022-05,2022,5,94,10181.839288299001,1197.9585342419998,11.77
2022-05,2022,5,95,18869.48152046,430.721183108,2.28
2022-05,2022,5,97,4853.943327677,98.170802619,2.02
2022-05,2022,5,99,7451.504441524,759.030734557,10.19
2022-06,2022,6,5,2923075.529477559,206438.62541484,7.06
2022-06,2022,6,8,1077572.937717874,49149.629035440004,4.56
2022-06,2022,6,11,4000927.8707464496,387508.16608600994,9.69
2022-06,2022,6,13,822800.3175164701,88462.97047253,10.75
2022-06,2022,6,15,539155.163711075,19914.816611625996,3.69
2022-06,2022,6,17,411369.346337972,27678.144762884996,6.73
2022-06,2022,6,18,163472.512284166,10339.346519755001,6.32
2022-06,2022,6,19,560032.80350323,14754.808485639998,2.63
2022-06,2022,6,20,484678.355810088,38972.702518426,8.04
2022-06,2022,6,23,736110.035366772,77959.96923950198,10.59
2022-06,2022,6,25,1535615.63935513,115712.622648656,7.54
2022-06,2022,6,27,117423.54595012401,10980.752360294,9.35
2022-06,2022,6,41,438443.06466807204,30596.053423009,6.98
2022-06,2022,6,44,344048.877268745,13398.275102924,3.89
2022-06,2022,6,47,534605.507910265,29132.602125657002,5.45
2022-06,2022,6,50,455841.87208383204,53940.42552758,11.83
2022-06,2022,6,52,692429.6296311379,28472.252394049,4.11
2022-06,2022,6,54,694815.75459003,78153.37555184,11.25
2022-06,2022,6,63,245991.768352536,24219.143990581004,9.85
2022-06,2022,6,66,443742.059535217,46112.801361934995,10.39
2022-06,2022,6,68,925143.79127129,92436.04308528002,9.99
2022-06,2022,6,70,365185.845078492,33590.841558626,9.2
2022-06,2022,6,73,530555.79843736,74218.48802845001,13.99
2022-06,2022,6,76,1997067.887936355,159223.50870200002,7.97
2022-06,2022,6,81,40706.05622265799,5606.033551188,13.77
2022-06,2022,6,85,84108.66334549,10659.26904629,12.67
2022-06,2022,6,86,18951.422024279,3641.4878565,19.21
2022-06,2022,6,88,21468.198884046004,810.8946205859999,3.78
2022-06,2022,6,91,14619.785177916001,1728.5116617469998,11.82
2022-06,2022,6,94,9127.789268196,615.2089650180001,6.74
2022-06,2022,6,95,16487.09542881,1114.108359531,6.76
2022-06,2022,6,97,4555.349855189001,43.145396902,0.95
2022-06,2022,6,99,6714.174152075001,594.407525941,8.85
2022-07,2022,7,5,2939015.364450576,176231.01819525,6.0
2022-07,2022,7,8,1060479.4117860901,81190.87806460001,7.66
2022-07,2022,7,11,3860190.74847636,318896.38523392,8.26
2022-07,2022,7,13,867618.71162173,69799.38235303,8.04
2022-07,2022,7,15,530776.5034249099,34890.063607234006,6.57
2022-07,2022,7,17,379913.499042132,21332.889105526003,5.62
2022-07,2022,7,18,159142.980099148,10759.265154186,6.76
2022-07,2022,7,19,589258.835037509,34242.861044503006,5.81
2022-07,2022,7,20,473138.063628486,48851.419632785,10.32
2022-07,2022,7,23,730595.9869013249,70245.53900169401,9.61
2022-07,2022,7,25,1515164.63592775,170802.48554413198,11.27
2022-07,2022,7,27,153661.522759069,13812.586777110999,8.99
2022-07,2022,7,41,451839.490246441,28277.247983953002,6.26
2022-07,2022,7,44,362888.906417178,27861.636491556,7.68
2022-07,2022,7,47,532625.9381281261,35988.659164519995,6.76
2022-07,2022,7,50,485832.8345233201,45586.380650549996,9.38
2022-07,2022,7,52,710217.5431381409,26386.067843182995,3.72
2022-07,2022,7,54,719746.715000466,68742.44335149,9.55
2022-07,2022,7,63,242806.130022814,29238.160982395002,12.04
2022-07,2022,7,66,436253.79732222203,40981.696479822,9.39
2022-07,2022,7,68,985477.8628437698,95193.30356169998,9.66
2022-07,2022,7,70,384611.659062971,25656.877427335,6.67
2022-07,2022,7,73,509515.44248436997,80868.20077077,15.87
2022-07,2022,7,76,2000501.788637762,164279.72611405,8.21
2022-07,2022,7,81,38901.905845656,7379.118254997999,18.97
2022-07,2022,7,85,79403.00771792,8029.23492431,10.11
2022-07,2022,7,86,18810.130360416,3301.8583414910004,17.55
2022-07,2022,7,88,20468.938513513,1545.417236085,7.55
2022-07,2022,7,91,14181.376203647,1489.1091028160001,10.5
2022-07,2022,7,94,9364.473232834,293.703502699,3.14
2022-07,2022,7,95,17530.164932695,278.29445394100003,1.59
2022-07,2022,7,97,4546.947908919,306.522316048,6.74
2022-07,2022,7,99,7720.7971132210005,992.7745054150001,12.86
2022-08,2022,8,5,2951726.4463861943,179829.578949131,6.09
2022-08,2022,8,8,1141655.359110697,68692.69491678,6.02
2022-08,2022,8,11,3952418.0136513403,362413.85824679997,9.17
2022-08,2022,8,13,830851.124756028,67364.38428589,8.11
2022-08,2022,8,15,550122.100620439,21032.167421231003,3.82
2022-08,2022,8,17,411344.89531403396,30235.457147551,7.35
2022-08,2022,8,18,121137.723731219,9419.236309663,7.78
2022-08,2022,8,19,543846.2100158371,40073.984078179004,7.37
2022-08,2022,8,20,487355.58523405995,64636.29643557999,13.26
2022-08,2022,8,23,675261.0869022049,74167.151838362,10.98
2022-08,2022,8,25,1451899.6836742891,122374.65686766399,8.43
2022-08,2022,8,27,142628.93305549098,10332.891255266,7.24
2022-08,2022,8,41,452625.34899635095,30062.812046544,6.64
2022-08,2022,8,44,385594.00642252003,23547.036248712,6.11
2022-08,2022,8,47,530757.158789552,29049.78433891,5.47
2022-08,2022,8,50,460087.65522646,41796.904082110006,9.08
2022-08,2022,8,52,730110.4012306711,23460.812589962996,3.21
2022-08,2022,8,54,675578.964143036,63260.12382152001,9.36
2022-08,2022,8,63,251638.361551348,24540.409194999003,9.75
2022-08,2022,8,66,429904.669501262,37078.22257659,8.62
2022-08,2022,8,68,980976.2061157681,70221.43179721001,7.16
2022-08,2022,8,70,395534.230299453,21970.718546695,5.55
2022-08,2022,8,73,530708.347339405,93486.81641303003,17.62
2022-08,2022,8,76,1906884.390961373,116849.84129445002,6.13
2022-08,2022,8,81,36475.573473191005,7187.021635169999,19.7
2022-08,2022,8,85,79724.11070473798,8373.203059970001,10.5
2022-08,2022,8,86,17383.217534985997,3653.696116777,21.02
2022-08,2022,8,88,22682.4273338,1470.6452884660002,6.48
2022-08,2022,8,91,14735.933441604,1015.8562013950001,6.89
2022-08,2022,8,94,10516.703351093001,603.0403470800001,5.73
2022-08,2022,8,95,17868.994260749,257.248621072,1.44
2022-08,2022,8,97,4880.966459611999,27.071702934,0.55
2022-08,2022,8,99,7499.492152380999,536.522463524,7.15
2022-09,2022,9,5,2919411.4863331905,164921.51054102,5.65
2022-09,2022,9,8,1114514.036264957,48384.22347454,4.34
2022-09,2022,9,11,3956722.48429038,288033.36787038,7.28
2022-09,2022,9,13,842691.25381958,57964.366555780005,6.88
2022-09,2022,9,15,509925.1537312219,34054.059737,6.68
2022-09,2022,9,17,431031.459910547,24659.937737234,5.72
2022-09,2022,9,18,173962.503943141,9728.718044924999,5.59
2022-09,2022,9,19,570912.04839711,10982.830660606998,1.92
2022-09,2022,9,20,476814.01244236506,55970.755976989996,11.74
2022-09,2022,9,23,674804.00543547,88641.50072203,13.14
2022-09,2022,9,25,1455267.0199036938,127310.750180836,8.75
2022-09,2022,9,27,163664.845330912,13467.054446957001,8.23
2022-09,2022,9,41,464503.638127835,26042.429847036,5.61
2022-09,2022,9,44,358079.762267516,25763.660640957,7.19
2022-09,2022,9,47,538335.099510221,26064.447633163,4.84
2022-09,2022,9,50,497085.643724084,53024.89919739,10.67
2022-09,2022,9,52,719017.0367054839,22320.424316248,3.1
2022-09,2022,9,54,648346.36569545,77514.33519856,11.96
2022-09,2022,9,63,245091.792021895,24922.357987463998,10.17
2022-09,2022,9,66,428415.247729486,27989.840479966,6.53
2022-09,2022,9,68,980394.7967510079,66297.39553094999,6.76
2022-09,2022,9,70,401129.375426702,26931.506090704,6.71
2022-09,2022,9,73,517534.15114271996,81606.61902439,15.77
2022-09,2022,9,76,1906966.63138721,152168.75984313403,7.98
2022-09,2022,9,81,37297.22566707,8801.77203835,23.6
2022-09,2022,9,85,73360.51904067,6766.933721660001,9.22
2022-09,2022,9,86,18208.897521617007,5029.995908831999,27.62
2022-09,2022,9,88,20899.869225033,1857.238326882,8.89
2022-09,2022,9,91,15367.651409787,267.994744841,1.74
2022-09,2022,9,94,10321.893975883,1436.9790316849999,13.92
2022-09,2022,9,95,19298.089432318,495.05528977,2.57
2022-09,2022,9,97,5026.1872220694,169.379594607,3.37
2022-09,2022,9,99,8262.373294190998,1100.378764906,13.32
2022-10,2022,10,5,3098511.588421253,203135.14789831,6.56
2022-10,2022,10,8,1059462.1160090521,56745.533303239994,5.36
2022-10,2022,10,11,3821028.09401997,255133.2218981,6.68
2022-10,2022,10,13,890106.6540173099,59120.03392557,6.64
2022-10,2022,10,15,527397.622978393,32532.971389982,6.17
2022-10,2022,10,17,414171.30921066203,20820.803609908,5.03
2022-10,2022,10,18,154934.151302581,7507.321271316999,4.85
2022-10,2022,10,19,548616.1199664529,27304.035478576003,4.98
2022-10,2022,10,20,492427.84082707507,45891.025975642,9.32
2022-10,2022,10,23,673900.740173039,59794.938483762,8.87
2022-10,2022,10,25,1516282.355036227,109690.4008141,7.23
2022-10,2022,10,27,164019.53902989102,13236.649673487002,8.07
2022-10,2022,10,41,453749.411160079,28500.588434628997,6.28
2022-10,2022,10,44,384717.61142323504,27032.441935674004,7.03
2022-10,2022,10,47,521864.22716835997,28566.221773401998,5.47
2022-10,2022,10,50,490300.4767839699,35268.295384200006,7.19
2022-10,2022,10,52,680002.741249104,25530.053980425997,3.75
2022-10,2022,10,54,659462.46868848,49699.98017075,7.54
2022-10,2022,10,63,258515.25298724402,29093.874276003,11.25
2022-10,2022,10,66,447815.544999924,27474.485936979003,6.14
2022-10,2022,10,68,954830.7796122299,74637.88238233,7.82
2022-10,2022,10,70,387080.68061713,25503.644656675995,6.59
2022-10,2022,10,73,527007.3187556401,73145.71110827001,13.88
2022-10,2022,10,76,2067347.84561301,133714.566611594,6.47
2022-10,2022,10,81,38092.47755173899,10391.581333626002,27.28
2022-10,2022,10,85,82745.80894126,6585.06661666,7.96
2022-10,2022,10,86,19275.832367652998,4973.271306993,25.8
2022-10,2022,10,88,21651.488976135,2623.930530909,12.12
2022-10,2022,10,91,14313.089089115998,194.04151176,1.36
2022-10,2022,10,94,9809.873871539,1036.203013799,10.56
2022-10,2022,10,95,19530.898384238,112.45590026,0.58
2022-10,2022,10,97,4472.7732721828,181.219151723,4.05
2022-10,2022,10,99,7513.759507913999,680.4341988479999,9.06
2022-11,2022,11,5,2969093.6849999493,131246.116208703,4.42
2022-11,2022,11,8,1104210.851077022,55082.88738744,4.99
2022-11,2022,11,11,4000571.49345284,256578.47847840996,6.41
2022-11,2022,11,13,857988.2999782149,45607.313217652,5.32
2022-11,2022,11,15,430803.21399485203,19319.798635782998,4.48
2022-11,2022,11,17,404923.07255051006,20634.474710728005,5.1
2022-11,2022,11,18,163046.953007571,11835.171437613997,7.26
2022-11,2022,11,19,591581.534399671,51207.371201856,8.66
2022-11,2022,11,20,502960.38664388994,70816.74080685001,14.08
2022-11,2022,11,23,685654.746016181,78566.081894395,11.46
2022-11,2022,11,25,1479805.9466003322,106715.05864736601,7.21
2022-11,2022,11,27,113718.189186726,15108.147882699997,13.29
2022-11,2022,11,41,453063.924611441,22305.089097409003,4.92
2022-11,2022,11,44,341121.10075129394,27658.083687646,8.11
2022-11,2022,11,47,547534.2607128649,23435.04738875,4.28
2022-11,2022,11,50,477541.291896044,30228.98957138,6.33
2022-11,2022,11,52,719818.666312403,29426.091531633996,4.09
2022-11,2022,11,54,673127.10020626,47291.59761011,7.03
2022-11,2022,11,63,243216.92328319498,37717.819295028996,15.51
2022-11,2022,11,66,430317.53374088695,29682.073534140003,6.9
2022-11,2022,11,68,1083701.6447973,65570.914737149,6.05
2022-11,2022,11,70,343204.231979338,15847.658290062,4.62
2022-11,2022,11,73,567486.2088290309,68839.93916576999,12.13
2022-11,2022,11,76,1913868.8500672048,128028.19677679999,6.69
2022-11,2022,11,81,35319.928752235006,7780.796838188,22.03
2022-11,2022,11,85,78838.86715687,5636.24423983,7.15
2022-11,2022,11,86,19059.846543741,3688.5393123089993,19.35
2022-11,2022,11,88,23184.375737958,2223.5666138140004,9.59
2022-11,2022,11,91,15777.150033269001,953.060794036,6.04
2022-11,2022,11,94,9844.480665117,720.1459074909999,7.32
2022-11,2022,11,95,19538.725220547,466.705934374,2.39
2022-11,2022,11,97,4007.3264707109997,167.119697351,4.17
2022-11,2022,11,99,7297.0609401460015,977.018833597,13.39
2022-12,2022,12,5,2956448.8909976734,137462.01239361,4.65
2022-12,2022,12,8,1217555.2210759819,91448.00872585998,7.51
2022-12,2022,12,11,3997676.3398172404,389878.73720564,9.75
2022-12,2022,12,13,804779.7033287799,41114.29220013,5.11
2022-12,2022,12,15,503643.20359960303,24833.688848308004,4.93
2022-12,2022,12,17,431884.218499734,23083.6016734,5.34
2022-12,2022,12,18,166950.273051965,12843.765673738002,7.69
2022-12,2022,12,19,499461.99906371697,38777.545821691994,7.76
2022-12,2022,12,20,490062.05746889603,51203.06166661799,10.45
2022-12,2022,12,23,691052.18752472,100128.603998191,14.49
2022-12,2022,12,25,1649369.4585775468,124825.996263527,7.57
2022-12,2022,12,27,150512.680122606,16243.772278787,10.79
2022-12,2022,12,41,441065.42775975005,29237.014949944,6.63
2022-12,2022,12,44,296316.465405228,32386.338210267997,10.93
2022-12,2022,12,47,549766.6579122411,15389.9174839,2.8
2022-12,2022,12,50,458452.173260323,40536.70477383899,8.84
2022-12,2022,12,52,717590.014720624,22676.266746031004,3.16
2022-12,2022,12,54,628958.8317131,51186.59137038999,8.14
2022-12,2022,12,63,238935.097926331,28251.448957801003,11.82
2022-12,2022,12,66,435487.39058215497,36936.62358921699,8.48
2022-12,2022,12,68,1055467.04134045,81485.64097169999,7.72
2022-12,2022,12,70,335464.42433364596,24315.011335836996,7.25
2022-12,2022,12,73,569177.8659725799,61605.4575405,10.82
2022-12,2022,12,76,1947708.866924694,147939.66811178002,7.6
2022-12,2022,12,81,39720.615756216,7613.310231308,19.17
2022-12,2022,12,85,80818.70793912999,4512.49424331,5.58
2022-12,2022,12,86,20299.321210901,4502.665788603,22.18
2022-12,2022,12,88,21945.085071089,2046.974414481,9.33
2022-12,2022,12,91,13732.770095859,457.94575680599996,3.33
2022-12,2022,12,94,9233.33157259,1117.246775912,12.1
2022-12,2022,12,95,19173.282676919,313.42379805999997,1.63
2022-12,2022,12,97,4389.117374513,289.61413936799994,6.6
2022-12,2022,12,99,7029.199716523,928.8918228560001,13.21
2023-01,2023,1,5,2820779.107024753,183848.24585610197,6.52
2023-01,2023,1,8,1077204.7781395921,68863.186648049,6.39
2023-01,2023,1,11,3918979.8620682694,511191.81940594,13.04
2023-01,2023,1,13,827486.2189683199,60711.02062001001,7.34
2023-01,2023,1,15,462980.011872373,13201.656097272004,2.85
2023-01,2023,1,17,410686.969406349,38634.391426377006,9.41
2023-01,2023,1,18,157972.54446002902,12783.253286409,8.09
2023-01,2023,1,19,590529.340626593,29007.79885601,4.91
2023-01,2023,1,20,466736.3852288749,46384.39195805,9.94
2023-01,2023,1,23,743651.092318194,117056.913246598,15.74
2023-01,2023,1,25,1481558.137832038,166082.217220722,11.21
2023-01,2023,1,27,137260.103904357,21932.302553116002,15.98
2023-01,2023,1,41,483632.46721206297,30202.68370794599,6.24
2023-01,2023,1,44,284864.76568965,42830.232846469,15.04
2023-01,2023,1,47,516011.777130555,26004.85517427,5.04
2023-01,2023,1,50,460145.34781986004,55859.62805516,12.14
2023-01,2023,1,52,581083.03304328,27045.194512847997,4.65
2023-01,2023,1,54,665766.3866980299,80355.72471596999,12.07
2023-01,2023,1,63,248108.78658234602,36033.186317094995,14.52
2023-01,2023,1,66,440457.320406086,39501.916760880005,8.97
2023-01,2023,1,68,1012339.824451336,117535.15408395999,11.61
2023-01,2023,1,70,325308.282535422,28043.902683328,8.62
2023-01,2023,1,73,552786.09605874,88154.44572642,15.95
2023-01,2023,1,76,1829732.7060389249,166560.25947237003,9.1
2023-01,2023,1,81,41236.785790248,13439.641750319002,32.59
2023-01,2023,1,85,77517.86164778,8046.4246265599995,10.38
2023-01,2023,1,86,20683.251341502997,5414.651973836,26.18
2023-01,2023,1,88,21940.862318469,2356.3810749880004,10.74
2023-01,2023,1,91,13047.042664674998,453.767300973,3.48
2023-01,2023,1,94,9841.866680048,1037.539469896,10.54
2023-01,2023,1,95,17769.415157027,689.879601989,3.88
2023-01,2023,1,97,3988.1156570900002,493.806412629,12.38
2023-01,2023,1,99,7484.649941479,1214.0863337279998,16.22
2023-02,2023,2,5,2952764.1985128606,182935.37834559297,6.2
2023-02,2023,2,8,1135974.554614073,78217.05570741999,6.89
2023-02,2023,2,11,4047656.65953577,424791.77171950997,10.49
2023-02,2023,2,13,824303.738786543,44303.104669379994,5.37
2023-02,2023,2,15,420197.70147658605,33400.96261937399,7.95
2023-02,2023,2,17,410778.0930900549,27625.153819542997,6.73
2023-02,2023,2,18,160406.041735262,10137.932178288998,6.32
2023-02,2023,2,19,623044.5300668951,32244.065252087996,5.18
2023-02,2023,2,20,505974.04763626296,70220.899814728,13.88
2023-02,2023,2,23,709772.758706412,87413.39512725802,12.32
2023-02,2023,2,25,1501079.928935271,149897.877948313,9.99
2023-02,2023,2,27,126215.468890883,19235.413328749997,15.24
2023-02,2023,2,41,460835.774472972,36628.990644587,7.95
2023-02,2023,2,44,306157.09798974503,45296.175010884006,14.8
2023-02,2023,2,47,553897.596926521,25246.54191605,4.56
2023-02,2023,2,50,495045.51684014004,42080.808731490004,8.5
2023-02,2023,2,52,716557.9347217451,37727.295424178,5.27
2023-02,2023,2,54,670783.03275475,51415.84260258,7.67
2023-02,2023,2,63,240758.17554503802,34436.113366232996,14.3
2023-02,2023,2,66,430841.011768853,38033.754280103996,8.83
2023-02,2023,2,68,1001635.888073317,89377.70872300901,8.92
2023-02,2023,2,70,331196.042061419,26687.949529432997,8.06
2023-02,2023,2,73,545108.912088444,80597.13661368999,14.79
2023-02,2023,2,76,1912935.953008964,162477.43997901,8.49
2023-02,2023,2,81,39645.54106719,11651.620076573001,29.39
2023-02,2023,2,85,79998.40462788001,6840.335400659999,8.55
2023-02,2023,2,86,20567.777656329003,6295.832360382,30.61
2023-02,2023,2,88,22520.17929986,3424.2829798170014,15.21
2023-02,2023,2,91,15500.84720749,666.2504279120001,4.3
2023-02,2023,2,94,9509.610473182001,953.9339258759999,10.03
2023-02,2023,2,95,19224.043756465,800.8032015919999,4.17
2023-02,2023,2,97,4257.192369053999,466.46678787499997,10.96
2023-02,2023,2,99,7741.42161849,889.258993073,11.49
2023-03,2023,3,5,3002275.617720753,152298.686926022,5.07
2023-03,2023,3,8,1148682.488130179,62497.69488035999,5.44
2023-03,2023,3,11,4184071.13155743,413380.4741214699,9.88
2023-03,2023,3,13,814916.4862897801,63866.01892102,7.84
2023-03,2023,3,15,493611.81042760995,16219.707001782,3.29
2023-03,2023,3,17,411097.0056524259,25404.979148298,6.18
2023-03,2023,3,18,159571.83762543803,11475.129417686001,7.19
2023-03,2023,3,19,609424.193269201,24809.544725679996,4.07
2023-03,2023,3,20,483024.814616383,40662.104942160004,8.42
2023-03,2023,3,23,675709.253142626,74183.364488567,10.98
2023-03,2023,3,25,1518791.700657445,120019.91209665098,7.9
2023-03,2023,3,27,135156.07172194298,19913.546193039998,14.73
2023-03,2023,3,41,443153.380972759,32142.176961959995,7.25
2023-03,2023,3,44,344403.833980046,27323.000787956003,7.93
2023-03,2023,3,47,543866.791663671,18141.363018765,3.34
2023-03,2023,3,50,479410.95047012495,40183.54634931,8.38
2023-03,2023,3,52,738522.732847182,29213.185631297998,3.96
2023-03,2023,3,54,650495.1844774301,63792.93949075,9.81
2023-03,2023,3,63,243272.077132105,36361.519479348004,14.95
2023-03,2023,3,66,432966.337374598,37254.857558368,8.6
2023-03,2023,3,68,1027227.3635196111,95309.915585626,9.28
2023-03,2023,3,70,311726.852423021,22543.544505543996,7.23
2023-03,2023,3,73,529899.19505194,65160.85085,12.3
2023-03,2023,3,76,1858020.0074901248,153303.74939039003,8.25
2023-03,2023,3,81,37755.786273546,10018.447879661,26.53
2023-03,2023,3,85,81466.44294845,7749.47677271,9.51
2023-03,2023,3,86,20739.602661087,5786.158296969999,27.9
2023-03,2023,3,88,22036.403415028,2942.2104451860005,13.35
2023-03,2023,3,91,14886.099401307,906.4248122750001,6.09
2023-03,2023,3,94,10155.665698415,1091.8860818580001,10.75
2023-03,2023,3,95,18593.471762714,451.380653658,2.43
2023-03,2023,3,97,4741.121482568,536.316230332,11.31
2023-03,2023,3,99,7522.2397888939995,643.9203248719999,8.56
2023-04,2023,4,5,3007965.0684543,147938.36530501998,4.92
2023-04,2023,4,8,1181981.6201671269,87657.72437634,7.42
2023-04,2023,4,11,3902232.57537122,328112.77833816,8.41
2023-04,2023,4,13,849657.0648826701,56733.51797879,6.68
2023-04,2023,4,15,486035.61477332097,19524.280636225,4.02
2023-04,2023,4,17,411867.89971945994,29195.156135554,7.09
2023-04,2023,4,18,169513.339895372,10798.250540583,6.37
2023-04,2023,4,19,611399.332742234,24499.575633879,4.01
2023-04,2023,4,20,459511.6416128379,53075.36183287001,11.55
2023-04,2023,4,23,662987.979636006,79798.90734402598,12.04
2023-04,2023,4,25,1500992.5411807923,138297.46057246497,9.21
2023-04,2023,4,27,144425.012525632,13699.490850841998,9.49
2023-04,2023,4,41,470701.216330935,33666.923761586004,7.15
2023-04,2023,4,44,313519.81237186503,37632.53976744,12.0
2023-04,2023,4,47,532480.9997706299,21090.023167530002,3.96
2023-04,2023,4,50,500009.707758596,44955.48880913001,8.99
2023-04,2023,4,52,676912.9312031879,22368.043871017,3.3
2023-04,2023,4,54,640135.75296164,62241.77993395,9.72
2023-04,2023,4,63,245507.383006087,28595.923767747,11.65
2023-04,2023,4,66,459049.007294339,32792.90732384,7.14
2023-04,2023,4,68,984207.1725555441,85580.00138671,8.7
2023-04,2023,4,70,361524.2984195,23692.036501273,6.55
2023-04,2023,4,73,512496.00980309,62873.3253164,12.27
2023-04,2023,4,76,1912080.1953012398,161440.69392687,8.44
2023-04,2023,4,81,39251.117505274,8806.357399314,22.44
2023-04,2023,4,85,82427.8201852,4111.03018987,4.99
2023-04,2023,4,86,17483.642719306998,3713.0455717459995,21.24
2023-04,2023,4,88,23063.212943560997,2585.779833262,11.21
2023-04,2023,4,91,15171.206171976999,370.295416893,2.44
2023-04,2023,4,94,9700.245660126,1053.256547995,10.86
2023-04,2023,4,95,17813.333598565005,536.92005946,3.01
2023-04,2023,4,97,4746.3503290424,92.15079698699999,1.94
2023-04,2023,4,99,7510.661088293,794.125487722,10.57
2023-05,2023,5,5,2955633.922138146,133706.23718336,4.52
2023-05,2023,5,8,1145518.8571202091,85578.92146359001,7.47
2023-05,2023,5,11,4106141.18972273,413944.34245617,10.08
2023-05,2023,5,13,831024.752359257,51031.862017588996,6.14
2023-05,2023,5,15,488980.79342186695,25141.887282277006,5.14
2023-05,2023,5,17,410919.146359127,32111.694632661,7.81
2023-05,2023,5,18,160043.117468761,13061.138900911,8.16
2023-05,2023,5,19,647216.7330059051,24916.255498183997,3.85
2023-05,2023,5,20,491183.17145863,39978.389985289985,8.14
2023-05,2023,5,23,701219.4282813531,81908.13596375099,11.68
2023-05,2023,5,25,1518435.5715955358,100180.24123652998,6.6
2023-05,2023,5,27,132573.089400988,19691.315135708,14.85
2023-05,2023,5,41,454381.27774244995,25650.900939106003,5.65
2023-05,2023,5,44,314848.395795859,28952.863287216995,9.2
2023-05,2023,5,47,541742.7890718139,23650.521917147,4.37
2023-05,2023,5,50,491576.76747752,42690.52175258,8.68
2023-05,2023,5,52,670816.690084081,26263.884128955997,3.92
2023-05,2023,5,54,681506.93367377,57902.50659344,8.5
2023-05,2023,5,63,222697.250637298,23451.611506850004,10.53
2023-05,2023,5,66,427133.838299182,36118.896167135,8.46
2023-05,2023,5,68,1051567.516337458,70507.45022538002,6.7
2023-05,2023,5,70,330088.563101363,19759.860445573002,5.99
2023-05,2023,5,73,542484.21619534,57099.538235390006,10.53
2023-05,2023,5,76,1887236.8419732018,124772.07784739003,6.61
2023-05,2023,5,81,41993.674038176,12908.168584000001,30.74
2023-05,2023,5,85,71019.96202058,3854.16171207,5.43
2023-05,2023,5,86,20124.686131242,5690.758946009,28.28
2023-05,2023,5,88,23117.471322138997,3250.703388572,14.06
2023-05,2023,5,91,16056.744617503,1639.142535513,10.21
2023-05,2023,5,94,10616.854427674,1487.8516872989997,14.01
2023-05,2023,5,95,20381.717629639,687.219798699,3.37
2023-05,2023,5,97,4088.835681705,34.085232758000004,0.83
2023-05,2023,5,99,7706.097648888001,1172.997132396,15.22
2023-06,2023,6,5,3078597.487002256,132399.67249588,4.3
2023-06,2023,6,8,1151625.467687889,38300.99393798,3.33
2023-06,2023,6,11,4079796.84488938,277348.43895670003,6.8
2023-06,2023,6,13,832898.6733658201,44263.74549383,5.31
2023-06,2023,6,15,550088.2232309049,31955.869644789,5.81
2023-06,2023,6,17,424598.408502054,21744.43434695,5.12
2023-06,2023,6,18,164452.476376107,12082.922485254,7.35
2023-06,2023,6,19,530576.1644581761,23668.376578794,4.46
2023-06,2023,6,20,504094.75982497394,54007.267917,10.71
2023-06,2023,6,23,747980.507939643,90646.74162865899,12.12
2023-06,2023,6,25,1524103.246107789,142931.74511118003,9.38
2023-06,2023,6,27,117176.024734915,17775.451666739,15.17
2023-06,2023,6,41,461273.925517513,30848.66785949,6.69
2023-06,2023,6,44,294736.279170957,34086.325337881,11.57
2023-06,2023,6,47,546472.2630329931,18174.549033668,3.33
2023-06,2023,6,50,463338.08324932697,42613.17991194301,9.2
2023-06,2023,6,52,752609.781477822,36525.463696014995,4.85
2023-06,2023,6,54,664427.53474875,58968.9525535,8.88
2023-06,2023,6,63,248469.75183664,39580.881651877,15.93
2023-06,2023,6,66,449885.711005197,33937.51713296,7.54
2023-06,2023,6,68,1049161.8441072279,81945.123186424,7.81
2023-06,2023,6,70,347281.163473182,15549.547318207,4.48
2023-06,2023,6,73,494143.79932711,50733.787883590005,10.27
2023-06,2023,6,76,2012021.738348984,103099.150524505,5.12
2023-06,2023,6,81,39996.04560138201,9126.763482917997,22.82
2023-06,2023,6,85,75488.71902466,3099.62998631,4.11
2023-06,2023,6,86,18656.12071435,5041.984018529,27.03
2023-06,2023,6,88,22599.644503665,3396.673338716,15.03
2023-06,2023,6,91,15127.409014662,360.714277795,2.38
2023-06,2023,6,94,9499.168106622,342.11417817999995,3.6
2023-06,2023,6,95,17890.272098922,311.692750089,1.74
2023-06,2023,6,97,5318.25607741,297.70945117199994,5.6
2023-06,2023,6,99,7750.7116448510005,914.3476300220001,11.8
2023-07,2023,7,5,3120903.9829632407,129943.110093474,4.16
2023-07,2023,7,8,1124715.015635238,48130.97006217,4.28
2023-07,2023,7,11,4092939.85458789,290256.74969031,7.09
2023-07,2023,7,13,833646.2106748361,43526.251813619994,5.22
2023-07,2023,7,15,466451.45676937304,21768.433306889994,4.67
2023-07,2023,7,17,426471.305342376,28792.565385324,6.75
2023-07,2023,7,18,169122.086312009,10867.393644594,6.43
2023-07,2023,7,19,570658.5557429809,21349.105698058996,3.74
2023-07,2023,7,20,473005.82614744396,26137.426130510004,5.53
2023-07,2023,7,23,669413.006915626,63756.88937574001,9.52
2023-07,2023,7,25,1603357.455518723,124701.98022076601,7.78
2023-07,2023,7,27,129641.60180114702,13933.302888260001,10.75
2023-07,2023,7,41,473421.114770263,25860.221684180004,5.46
2023-07,2023,7,44,319328.398957771,48806.673547820006,15.28
2023-07,2023,7,47,579123.04796111,25677.122135309994,4.43
2023-07,2023,7,50,515338.11087709,49723.18488809,9.65
2023-07,2023,7,52,721170.586559564,20241.635282379997,2.81
2023-07,2023,7,54,669510.0313410601,55264.92623688,8.25
2023-07,2023,7,63,239579.26277533898,34634.821209644,14.46
2023-07,2023,7,66,459774.621777687,35748.123575970996,7.78
2023-07,2023,7,68,1076734.9313306601,85854.84050051002,7.97
2023-07,2023,7,70,356553.60301986,25654.815744998,7.2
2023-07,2023,7,73,523863.75584634003,53306.60452179999,10.18
2023-07,2023,7,76,2007535.2061171369,142958.323127058,7.12
2023-07,2023,7,81,42998.15365126099,9134.604700846,21.24
2023-07,2023,7,85,81202.04222915,6333.99380375,7.8
2023-07,2023,7,86,17324.565371149,3853.498193946,22.24
2023-07,2023,7,88,22021.759294752002,3227.954633221,14.66
2023-07,2023,7,91,14862.007912926001,686.5901337180001,4.62
2023-07,2023,7,94,9851.927850485,1161.034508228,11.78
2023-07,2023,7,95,20467.986303892998,787.3224816339999,3.85
2023-07,2023,7,97,5165.036929385999,122.17290845500001,2.37
2023-07,2023,7,99,8139.581118492,340.71908994699993,4.19
2023-08,2023,8,5,3059421.3018549727,130693.10159733199,4.27
2023-08,2023,8,8,1212583.812296543,54169.34768905,4.47
2023-08,2023,8,11,4078783.4634109205,284658.88730978,6.98
2023-08,2023,8,13,878492.50908867,48197.06976997,5.49
2023-08,2023,8,15,484188.13834023604,27298.604825425,5.64
2023-08,2023,8,17,422980.74947632,26235.094218322996,6.2
2023-08,2023,8,18,151987.065280463,9355.326907662002,6.16
2023-08,2023,8,19,591732.4218617759,22466.788582163004,3.8
2023-08,2023,8,20,451785.60332022,24246.210598140002,5.37
2023-08,2023,8,23,751437.363746402,89578.53457907698,11.92
2023-08,2023,8,25,1550435.593770217,115949.221251408,7.48
2023-08,2023,8,27,145418.312635951,10682.464401802,7.35
2023-08,2023,8,41,467653.250044621,23020.168032262,4.92
2023-08,2023,8,44,286179.528495175,28931.113750416003,10.11
2023-08,2023,8,47,581832.2536695299,19206.217898509996,3.3
2023-08,2023,8,50,465973.58955502004,41336.34718473,8.87
2023-08,2023,8,52,708681.9562053699,27935.214299319996,3.94
2023-08,2023,8,54,695999.07644021,75059.62645372,10.78
2023-08,2023,8,63,248827.722422601,25128.251837460997,10.1
2023-08,2023,8,66,426506.007273827,27401.340940770002,6.42
2023-08,2023,8,68,1004936.87225176,103561.02471176,10.31
2023-08,2023,8,70,356505.33743917395,21857.352220256,6.13
2023-08,2023,8,73,537065.12932193,48085.38335816,8.95
2023-08,2023,8,76,1962617.934098407,134637.20433255896,6.86
2023-08,2023,8,81,40387.88154258,9076.67300771,22.47
2023-08,2023,8,85,74769.61568254,3978.3664658900007,5.32
2023-08,2023,8,86,17732.868196942,4790.376489449001,27.01
2023-08,2023,8,88,22651.888413043,3148.210234727,13.9
2023-08,2023,8,91,14899.165257359,54.383120149,0.37
2023-08,2023,8,94,10048.023584626,1073.88724628,10.69
2023-08,2023,8,95,19371.754156122,1072.7075216890003,5.54
2023-08,2023,8,97,5034.2169354364005,92.25768395200001,1.83
2023-08,2023,8,99,7942.779667074,974.833330007,12.27
2023-09,2023,9,5,3005445.448070099,160280.51084358,5.33
2023-09,2023,9,8,1219630.83255248,47094.895357040004,3.86
2023-09,2023,9,11,4137275.9218155504,316260.35079017,7.64
2023-09,2023,9,13,838553.209181793,40170.1882175,4.79
2023-09,2023,9,15,495307.98740317096,47960.928284543006,9.68
2023-09,2023,9,17,459174.886691777,30183.757158099997,6.57
2023-09,2023,9,18,165968.60376420303,7514.350718949,4.53
2023-09,2023,9,19,592721.250412968,24596.580302693998,4.15
2023-09,2023,9,20,521153.445381646,33860.633271900995,6.5
2023-09,2023,9,23,686024.261568947,68219.214148158,9.94
2023-09,2023,9,25,1571232.291550173,98880.795221003,6.29
2023-09,2023,9,27,170791.12389612803,11356.174004763001,6.65
2023-09,2023,9,41,502463.65827865805,25774.368179077002,5.13
2023-09,2023,9,44,284677.16870327503,25316.190672899997,8.89
2023-09,2023,9,47,577237.94703415,17797.094693770003,3.08
2023-09,2023,9,50,501148.76075649,41346.258018290006,8.25
2023-09,2023,9,52,727292.096190108,27896.895715804,3.84
2023-09,2023,9,54,637021.8378395999,48277.37401653,7.58
2023-09,2023,9,63,247470.78137208702,29311.985905812002,11.84
2023-09,2023,9,66,448837.12173436105,37428.42924436,8.34
2023-09,2023,9,68,1029417.334614213,65951.988231127,6.41
2023-09,2023,9,70,371868.46883212903,23178.899724126997,6.23
2023-09,2023,9,73,497255.10938636,40300.29628740999,8.1
2023-09,2023,9,76,1979377.876526243,140529.425467614,7.1
2023-09,2023,9,81,37426.332633597,5397.284153331,14.42
2023-09,2023,9,85,78913.16872025999,3953.86477113,5.01
2023-09,2023,9,86,19596.034262823,4759.581637847,24.29
2023-09,2023,9,88,23729.158781913,2581.337532623,10.88
2023-09,2023,9,91,14789.222590446,538.3894865950001,3.64
2023-09,2023,9,94,8988.346057032999,628.408955288,6.99
2023-09,2023,9,95,20159.734870235,617.770678418,3.06
2023-09,2023,9,97,4695.782024788499,30.206566494,0.64
2023-09,2023,9,99,7910.59890381,1192.8138774029999,15.08
2023-10,2023,10,5,3209866.5341690658,167831.11882542702,5.23
2023-10,2023,10,8,1218195.389807499,42353.64405483,3.48
2023-10,2023,10,11,4130599.09104395,275988.03402277,6.68
2023-10,2023,10,13,860419.4871854701,43764.715577669995,5.09
2023-10,2023,10,15,476350.53730584995,36752.464717226,7.72
2023-10,2023,10,17,431790.645568309,27203.480746728004,6.3
2023-10,2023,10,18,155472.76616071002,10402.310975549,6.69
2023-10,2023,10,19,589641.3136025709,26598.256041189004,4.51
2023-10,2023,10,20,517466.102996158,37012.223959942006,7.15
2023-10,2023,10,23,703866.0967127851,107623.706921194,15.29
2023-10,2023,10,25,1592295.9603449649,152983.871578542,9.61
2023-10,2023,10,27,155448.746249942,16736.51807004,10.77
2023-10,2023,10,41,455890.0159154091,27621.333055728002,6.06
2023-10,2023,10,44,317527.343386261,38561.809543081,12.14
2023-10,2023,10,47,532269.00281367,21092.10137792,3.96
2023-10,2023,10,50,482589.9901245601,43376.308183639994,8.99
2023-10,2023,10,52,667502.6124880121,25340.016239806,3.8
2023-10,2023,10,54,645124.98248958,54125.91217441,8.39
2023-10,2023,10,63,248270.60166446998,32048.939066527,12.91
2023-10,2023,10,66,437852.88599865197,28514.9348555,6.51
2023-10,2023,10,68,1009755.8124064641,78021.31393635001,7.73
2023-10,2023,10,70,344242.54366053396,26271.435902662997,7.63
2023-10,2023,10,73,523304.08330642997,38130.89448255,7.29
2023-10,2023,10,76,1982133.735115335,140255.74475684998,7.08
2023-10,2023,10,81,39292.747916893,7515.872021104001,19.13
2023-10,2023,10,85,76885.21690149,2766.18496487,3.6
2023-10,2023,10,86,17779.840216943,3884.824424792,21.85
2023-10,2023,10,88,22713.828677730995,3343.820548826,14.72
2023-10,2023,10,91,18745.128670658996,113.759280642,0.61
2023-10,2023,10,94,11313.257400576,748.9406865670001,6.62
2023-10,2023,10,95,20138.118144228,391.82033643,1.95
2023-10,2023,10,97,4961.9403695884,77.170672145,1.56
2023-10,2023,10,99,8077.6053477860005,461.07959840399997,5.71
2023-11,2023,11,5,2901814.906148072,157004.51422550998,5.41
2023-11,2023,11,8,1196276.533805867,63462.33279948201,5.3
2023-11,2023,11,11,4209754.40672164,280012.4645165,6.65
2023-11,2023,11,13,825378.60241148,77262.85613775,9.36
2023-11,2023,11,15,488904.603748269,21430.199170793,4.38
2023-11,2023,11,17,447726.685748553,33188.521301316,7.41
2023-11,2023,11,18,160748.693186296,8645.243049313,5.38
2023-11,2023,11,19,579255.528652759,16436.744400511998,2.84
2023-11,2023,11,20,500472.1336651199,28783.161856397997,5.75
2023-11,2023,11,23,632042.8726534101,56489.31862540099,8.94
2023-11,2023,11,25,1600594.069261143,75412.45865696,4.71
2023-11,2023,11,27,153220.00013310497,12294.868264752999,8.02
2023-11,2023,11,41,492990.834518926,36255.057953446994,7.35
2023-11,2023,11,44,343300.852231226,44415.028022404,12.94
2023-11,2023,11,47,584041.364218871,38616.99403837,6.61
2023-11,2023,11,50,492655.98433948297,36115.620300129995,7.33
2023-11,2023,11,52,707917.305510083,46892.457276714005,6.62
2023-11,2023,11,54,653551.6861980599,53594.57721951,8.2
2023-11,2023,11,63,244437.803487981,29189.705474809998,11.94
2023-11,2023,11,66,448610.584360059,35066.45302519,7.82
2023-11,2023,11,68,1143017.50550186,76694.10010134998,6.71
2023-11,2023,11,70,346168.048109849,31794.755985745,9.18
2023-11,2023,11,73,556145.4356762001,48447.42374026,8.71
2023-11,2023,11,76,1993604.949764743,135302.15677531098,6.79
2023-11,2023,11,81,39743.440798134005,6990.769870439999,17.59
2023-11,2023,11,85,81012.95999064001,4806.84553528,5.93
2023-11,2023,11,86,20638.584932825004,5647.022895599,27.36
2023-11,2023,11,88,23783.041713963,2830.022413033,11.9
2023-11,2023,11,91,15367.577906091003,375.17946498099997,2.44
2023-11,2023,11,94,10524.11243723,423.0279856169999,4.02
2023-11,2023,11,95,20923.781827032,419.87517515,2.01
2023-11,2023,11,97,5108.8449077959995,107.66473677100001,2.11
2023-11,2023,11,99,7895.219798486998,250.591333719,3.17
2023-12,2023,12,5,2935586.859876061,139661.92159537898,4.76
2023-12,2023,12,8,1152152.822768504,35914.894082571,3.12
2023-12,2023,12,11,3782808.07867272,289486.67214209994,7.65
2023-12,2023,12,13,893493.49602158,81068.04755182,9.07
2023-12,2023,12,15,453092.214209167,39377.074899643994,8.69
2023-12,2023,12,17,413444.114633576,23737.62083167,5.74
2023-12,2023,12,18,169065.825609892,11085.521616232001,6.56
2023-12,2023,12,19,574705.092967601,23531.540127654,4.09
2023-12,2023,12,20,498430.40598770103,33194.078148261,6.66
2023-12,2023,12,23,606357.189812433,51888.404636863,8.56
2023-12,2023,12,25,1631775.107954346,139177.050063585,8.53
2023-12,2023,12,27,182247.16916766702,12379.796348642,6.79
2023-12,2023,12,41,471701.3309024171,51612.693057113,10.94
2023-12,2023,12,44,320643.421451134,18519.344662254993,5.78
2023-12,2023,12,47,558797.53165484,28411.476736574998,5.08
2023-12,2023,12,50,479238.14670026,27551.723421130002,5.75
2023-12,2023,12,52,653172.291740477,31903.835362155998,4.88
2023-12,2023,12,54,628157.43204683,47756.3958228,7.6
2023-12,2023,12,63,251696.164770665,22918.195849432002,9.11
2023-12,2023,12,66,454051.03487266996,39019.55083097,8.59
2023-12,2023,12,68,1029360.405841104,75308.52117234799,7.32
2023-12,2023,12,70,321384.30194740195,11131.188394434,3.46
2023-12,2023,12,73,543065.06987676,49044.94863480999,9.03
2023-12,2023,12,76,1928592.346358019,163630.44699278998,8.48
2023-12,2023,12,81,39109.996221170004,6521.2609447899995,16.67
2023-12,2023,12,85,75177.91264680002,6303.05063391,8.38
2023-12,2023,12,86,22244.168724707,6659.699708980001,29.94
2023-12,2023,12,88,23310.799858473,2395.692773463,10.28
2023-12,2023,12,91,15611.584704395002,459.18689099299996,2.94
2023-12,2023,12,94,9140.412693806,430.330588894,4.71
2023-12,2023,12,95,18997.63859763,501.88268344900007,2.64
2023-12,2023,12,97,4423.322647887399,27.126982605,0.61
2023-12,2023,12,99,7513.433283445,1089.395802967,14.5
2024-01,2024,1,5,2864329.500488187,185913.85669995198,6.49
2024-01,2024,1,8,1108583.4673466138,71569.40936000999,6.46
2024-01,2024,1,11,3734678.16190977,393354.64421199996,10.53
2024-01,2024,1,13,949125.335490646,107474.139231728,11.32
2024-01,2024,1,15,449180.819212677,41727.472916868996,9.29
2024-01,2024,1,17,432421.08998507704,36155.498873509,8.36
2024-01,2024,1,18,156126.662168582,13806.214901675,8.84
2024-01,2024,1,19,602775.8468765632,27576.137514349997,4.57
2024-01,2024,1,20,451684.83865101705,29518.996519809,6.54
2024-01,2024,1,23,670089.5226686061,71085.65643841002,10.61
2024-01,2024,1,25,1536618.984975272,175479.020760984,11.42
2024-01,2024,1,27,115902.445589915,14169.675944725,12.23
2024-01,2024,1,41,474999.92340045096,43872.468931936,9.24
2024-01,2024,1,44,323767.070742629,34635.175472161005,10.7
2024-01,2024,1,47,533066.090209725,41550.895282599995,7.79
2024-01,2024,1,50,497499.12528701,54225.01102786,10.9
2024-01,2024,1,52,591734.028783896,51722.822886605,8.74
2024-01,2024,1,54,588630.61155863,65778.33704666,11.17
2024-01,2024,1,63,239869.37565749,35355.574605281,14.74
2024-01,2024,1,66,453170.603917712,50683.447182869,11.18
2024-01,2024,1,68,1049200.030089207,144736.21559208,13.79
2024-01,2024,1,70,326853.76278128,28524.904959686,8.73
2024-01,2024,1,73,554849.8630580499,51286.39029085,9.24
2024-01,2024,1,76,1933032.1541298018,207931.87452252302,10.76
2024-01,2024,1,81,37856.178742532,6842.785516399999,18.08
2024-01,2024,1,85,75377.28883211,7992.69044135,10.6
2024-01,2024,1,86,19344.224786032,5587.628603755,28.89
2024-01,2024,1,88,24058.126167946997,3296.121143616,13.7
2024-01,2024,1,91,15309.971322193,317.07043770999996,2.07
2024-01,2024,1,94,9767.325762583001,988.691150269,10.12
2024-01,2024,1,95,17641.693025758002,2246.120623431,12.73
2024-01,2024,1,97,4266.187555852201,231.315070044,5.42
2024-01,2024,1,99,8192.106642648,1684.8545920459999,20.57
2024-02,2024,2,5,2937040.789074797,198364.11466494,6.75
2024-02,2024,2,8,1159350.646027827,82107.41466875,7.08
2024-02,2024,2,11,4071491.76161349,327186.46538218996,8.04
2024-02,2024,2,13,879925.49828066,104460.07360818,11.87
2024-02,2024,2,15,453230.744282994,29932.918327158,6.6
2024-02,2024,2,17,429052.250206152,34853.084158024,8.12
2024-02,2024,2,18,165691.689091677,18001.092264561,10.86
2024-02,2024,2,19,573637.937314803,36047.800637830005,6.28
2024-02,2024,2,20,471087.70870198193,41563.216408702,8.82
2024-02,2024,2,23,679012.473512219,82190.983167068,12.1
2024-02,2024,2,25,1608479.395496876,158143.33673399195,9.83
2024-02,2024,2,27,140870.221712937,14584.626142632002,10.35
2024-02,2024,2,41,497733.851939901,58066.21257331899,11.67
2024-02,2024,2,44,322319.409859535,37401.40161619,11.6
2024-02,2024,2,47,575375.673501338,41470.62296381899,7.21
2024-02,2024,2,50,494861.198542249,38356.276073290006,7.75
2024-02,2024,2,52,653296.848897878,34068.204614556,5.21
2024-02,2024,2,54,667942.42461023,72959.63013367,10.92
2024-02,2024,2,63,252047.081274306,33310.67459599199,13.22
2024-02,2024,2,66,443019.807624502,44613.030660813994,10.07
2024-02,2024,2,68,1000292.6076559019,85621.98962223201,8.56
2024-02,2024,2,70,334178.97783918097,23543.539021482,7.05
2024-02,2024,2,73,550822.56076198,59473.785290960004,10.8
2024-02,2024,2,76,1966703.2412296021,176328.382126977,8.97
2024-02,2024,2,81,39131.74281462,9206.10903239,23.53
2024-02,2024,2,85,78457.48990808,6543.25291712,8.34
2024-02,2024,2,86,21232.163536653,6569.849173902,30.94
2024-02,2024,2,88,23977.622429664003,2896.734050077,12.08
2024-02,2024,2,91,14223.162516792001,619.48820185,4.36
2024-02,2024,2,94,9905.075442731999,552.549752137,5.58
2024-02,2024,2,95,18930.956820866,1181.344504666,6.24
2024-02,2024,2,97,4531.673535189,489.623079542,10.8
2024-02,2024,2,99,7236.766976946002,960.3974262939998,13.27
2024-03,2024,3,5,2794161.053758732,191778.91025978,6.86
2024-03,2024,3,8,1141003.604068157,60792.73958788,5.33
2024-03,2024,3,11,3720414.8823475,291750.97208228,7.84
2024-03,2024,3,13,891002.2801490801,104685.80314941,11.75
2024-03,2024,3,15,547530.402057135,47135.88386649199,8.61
2024-03,2024,3,17,408933.540200187,28798.366397367994,7.04
2024-03,2024,3,18,169598.126801061,16171.91571095,9.54
2024-03,2024,3,19,580753.740152854,29476.903896036998,5.08
2024-03,2024,3,20,477395.53440402204,20918.783521970003,4.38
2024-03,2024,3,23,681425.207484016,73575.742385483,10.8
2024-03,2024,3,25,1475491.755304714,143087.604470396,9.7
2024-03,2024,3,27,131129.938715996,23795.755151953,18.15
2024-03,2024,3,41,553034.307731482,63349.572390512,11.45
2024-03,2024,3,44,324334.367131397,27643.359746209997,8.52
2024-03,2024,3,47,526803.909407825,27944.6245576,5.3
2024-03,2024,3,50,487227.1990328,37720.338150200005,7.74
2024-03,2024,3,52,679442.838571094,28400.136445679,4.18
2024-03,2024,3,54,601786.8229404299,50177.758507959996,8.34
2024-03,2024,3,63,238776.55370485998,30027.380895702998,12.58
2024-03,2024,3,66,424428.441482814,35970.578083093,8.48
2024-03,2024,3,68,1036699.96215962,91491.48159835,8.83
2024-03,2024,3,70,333870.206602494,19744.020203925003,5.91
2024-03,2024,3,73,539937.38386475,81261.73516297,15.05
2024-03,2024,3,76,1864612.447166334,177372.43085572,9.51
2024-03,2024,3,81,35876.886763587,5230.275149085,14.58
2024-03,2024,3,85,79125.77694179001,9300.11290165,11.75
2024-03,2024,3,86,21435.001829617995,6730.531915906,31.4
2024-03,2024,3,88,23600.299852111,3332.399862394,14.12
2024-03,2024,3,91,16386.972212273,574.272769424,3.5
2024-03,2024,3,94,8978.509116015,315.178571165,3.51
2024-03,2024,3,95,19619.302317348003,2153.284040756,10.98
2024-03,2024,3,97,4766.538860957,190.70946930399998,4.0
2024-03,2024,3,99,7491.167518625999,1009.9653089569999,13.48
2024-04,2024,4,5,3035163.155180847,124459.42768296,4.1
2024-04,2024,4,8,1163534.2057440141,61810.59166378,5.31
2024-04,2024,4,11,4089045.6240403103,269428.99535222,6.59
2024-04,2024,4,13,853334.84195275,93974.42357808,11.01
2024-04,2024,4,15,539335.792741155,31602.15552834,5.86
2024-04,2024,4,17,407268.439595283,29224.107567431,7.18
2024-04,2024,4,18,161814.066272152,13589.389878634,8.4
2024-04,2024,4,19,608576.1225191599,23743.597066617996,3.9
2024-04,2024,4,20,463553.95409519505,27476.32472964,5.93
2024-04,2024,4,23,659826.6067761851,69582.262516162,10.55
2024-04,2024,4,25,1548676.4461455978,139265.77190844898,8.99
2024-04,2024,4,27,156506.144269289,11247.683812891002,7.19
2024-04,2024,4,41,509272.58441021,45349.924238308005,8.9
2024-04,2024,4,44,303287.642623351,36757.691178241,12.12
2024-04,2024,4,47,536411.7231485101,37657.77490589,7.02
2024-04,2024,4,50,474121.240101894,47494.638993429995,10.02
2024-04,2024,4,52,676092.5649874441,50077.610897909995,7.41
2024-04,2024,4,54,636384.56139103,69401.52602238,10.91
2024-04,2024,4,63,251590.74439349497,23283.357299541003,9.25
2024-04,2024,4,66,439636.309341661,27067.574063516,6.16
2024-04,2024,4,68,1067137.882368094,91239.25805364,8.55
2024-04,2024,4,70,317557.576727522,18762.658030392,5.91
2024-04,2024,4,73,540584.03770123,61025.04759139998,11.29
2024-04,2024,4,76,1914627.3134888997,183756.59796941,9.6
2024-04,2024,4,81,38063.523381282,9762.378940484,25.65
2024-04,2024,4,85,85947.25058015,4640.46355697,5.4
2024-04,2024,4,86,20949.200138749,6239.134698067001,29.78
2024-04,2024,4,88,22912.672068999,3729.448528989,16.28
2024-04,2024,4,91,15774.630207043,419.565264241,2.66
2024-04,2024,4,94,9715.817065647,636.3150257080001,6.55
2024-04,2024,4,95,19738.501960876998,925.945440495,4.69
2024-04,2024,4,97,4958.039018740899,426.9817983982,8.61
2024-04,2024,4,99,7508.548814078999,716.832013438,9.55
2024-05,2024,5,5,3078716.819631765,176973.0544481,5.75
2024-05,2024,5,8,1191033.678682637,60270.71277539,5.06
2024-05,2024,5,11,4157278.0811379002,305880.1181503,7.36
2024-05,2024,5,13,856721.3018140399,58047.32076180001,6.78
2024-05,2024,5,15,530048.129117267,16697.112626171,3.15
2024-05,2024,5,17,410753.251282386,25419.095431051,6.19
2024-05,2024,5,18,169596.144155243,12555.694006739,7.4
2024-05,2024,5,19,574079.5039226019,23777.363688520003,4.14
2024-05,2024,5,20,472251.6431922901,25708.943685420003,5.44
2024-05,2024,5,23,664942.4084831981,69836.10262611599,10.5
2024-05,2024,5,25,1498777.0013721262,141723.39284587998,9.46
2024-05,2024,5,27,153465.280083192,9138.886616374,5.96
2024-05,2024,5,41,517847.35558795196,49078.16578968799,9.48
2024-05,2024,5,44,301389.174437574,36832.966378827994,12.22
2024-05,2024,5,47,534136.967930532,30916.3998142,5.79
2024-05,2024,5,50,514224.902393362,47420.25162831,9.22
2024-05,2024,5,52,744513.308354713,28342.01473159,3.81
2024-05,2024,5,54,655267.9276036699,51715.54495454001,7.89
2024-05,2024,5,63,241361.074366069,21098.635323388,8.74
2024-05,2024,5,66,438736.453849086,34922.062311909,7.96
2024-05,2024,5,68,1029837.4946891121,77030.04861440999,7.48
2024-05,2024,5,70,356456.94181497104,27079.797691528995,7.6
2024-05,2024,5,73,547893.80143573,47849.09161114,8.73
2024-05,2024,5,76,1938557.810127556,169538.21589073498,8.75
2024-05,2024,5,81,38505.54605938,8342.34681738,21.67
2024-05,2024,5,85,80676.35847539,3799.5851162800004,4.71
2024-05,2024,5,86,20465.236250125,5313.708378558,25.96
2024-05,2024,5,88,24022.386480986002,4453.312678529001,18.54
2024-05,2024,5,91,17328.734754095,896.132619841,5.17
2024-05,2024,5,94,9903.863756263,687.8411274100001,6.95
2024-05,2024,5,95,20974.327158827997,875.316932046,4.17
2024-05,2024,5,97,4713.974843975,242.154443007,5.14
2024-05,2024,5,99,8017.773143206,698.5493950030001,8.71
2024-06,2024,6,5,2992602.7936627762,169188.08855587998,5.65
2024-06,2024,6,8,1165022.46882539,54935.84993918,4.72
2024-06,2024,6,11,3970013.64341966,238288.16359732003,6.0
2024-06,2024,6,13,793160.1970008,78308.53749394,9.87
2024-06,2024,6,15,541144.197805352,29342.686195369,5.42
2024-06,2024,6,17,437361.868131905,27357.736036231,6.26
2024-06,2024,6,18,171566.042005177,12549.126162996003,7.31
2024-06,2024,6,19,601000.78266685,35257.466651924,5.87
2024-06,2024,6,20,491573.174775415,19236.097969841,3.91
2024-06,2024,6,23,698780.479250208,63725.588875732,9.12
2024-06,2024,6,25,1498528.11925046,144843.57678683504,9.67
2024-06,2024,6,27,110535.26711801499,9982.232355712,9.03
2024-06,2024,6,41,495530.63712305704,45475.40885724199,9.18
2024-06,2024,6,44,374669.242323581,27239.319093656002,7.27
2024-06,2024,6,47,551937.535599912,30202.546346809995,5.47
2024-06,2024,6,50,457575.718775464,30191.762970411,6.6
2024-06,2024,6,52,697994.513915921,45005.736297047995,6.45
2024-06,2024,6,54,621701.99881144,49422.925131300006,7.95
2024-06,2024,6,63,234279.130203887,20256.082165969998,8.65
2024-06,2024,6,66,471016.72524183197,41110.571751548,8.73
2024-06,2024,6,68,1029057.018136184,85317.64925282999,8.29
2024-06,2024,6,70,335406.521801441,14091.584493276001,4.2
2024-06,2024,6,73,545917.8060721101,59088.966671789996,10.82
2024-06,2024,6,76,2014257.39353656,157278.379565926,7.81
2024-06,2024,6,81,38721.111443429996,7188.558027046999,18.56
2024-06,2024,6,85,81794.54283465,4642.887300629999,5.68
2024-06,2024,6,86,19863.890717058002,4310.974723856,21.7
2024-06,2024,6,88,23541.921351261997,3966.179537518,16.85
2024-06,2024,6,91,16152.525660774998,410.81101119999994,2.54
2024-06,2024,6,94,10210.102796805,820.512676175,8.04
2024-06,2024,6,95,19210.911108414002,1320.426404336,6.87
2024-06,2024,6,97,5095.384142293001,173.54664053300002,3.41
2024-06,2024,6,99,7270.449330708,690.672381433,9.5
2024-07,2024,7,5,3054536.622449276,130619.90972858002,4.28
2024-07,2024,7,8,1200421.298444033,64650.31338000999,5.39
2024-07,2024,7,11,4046763.98963906,238770.91345847002,5.9
2024-07,2024,7,13,800810.7864292001,50274.31900996,6.28
2024-07,2024,7,15,504433.61503075995,31383.050242217,6.22
2024-07,2024,7,17,396667.21459507,25270.571456208003,6.37
2024-07,2024,7,18,175878.73577067,15120.688236657998,8.6
2024-07,2024,7,19,592882.007590482,33763.45915602901,5.69
2024-07,2024,7,20,452866.25881117303,28700.995571570995,6.34
2024-07,2024,7,23,681271.339674837,62396.652993503994,9.16
2024-07,2024,7,25,1619491.5969085498,156888.15139750903,9.69
2024-07,2024,7,27,121068.617038344,11058.992400734,9.13
2024-07,2024,7,41,494603.634816501,31325.741730148005,6.33
2024-07,2024,7,44,372587.010723714,24692.759714541,6.63
2024-07,2024,7,47,601985.8786520611,30903.49139617,5.13
2024-07,2024,7,50,485476.65867569007,32617.169201000004,6.72
2024-07,2024,7,52,674605.756826337,35010.364900534994,5.19
2024-07,2024,7,54,647308.6598528901,46533.7530228,7.19
2024-07,2024,7,63,247130.120922854,27629.469614857,11.18
2024-07,2024,7,66,446842.62134688103,32883.071948815996,7.36
2024-07,2024,7,68,1067134.59492533,81455.97863452,7.63
2024-07,2024,7,70,315728.29494448,16063.614271518998,5.09
2024-07,2024,7,73,574884.8685485,66947.78492357,11.65
2024-07,2024,7,76,1993840.805633395,189554.49513649003,9.51
2024-07,2024,7,81,40519.67102044,10437.97043644,25.76
2024-07,2024,7,85,74388.26239953,4457.95222038,5.99
2024-07,2024,7,86,21308.457454926,4500.887194218,21.12
2024-07,2024,7,88,23786.036931398998,3840.978283813,16.15
2024-07,2024,7,91,16563.214550945,1228.406032668,7.42
2024-07,2024,7,94,8958.928135774,480.86442183,5.37
2024-07,2024,7,95,19748.387431786,936.911438461,4.74
2024-07,2024,7,97,5165.526562285,290.16331743800004,5.62
2024-07,2024,7,99,6913.272386855,609.6326373119999,8.82
2024-08,2024,8,5,3076457.384322999,150639.38285159002,4.9
2024-08,2024,8,8,1181185.9163536811,61352.57924541,5.19
2024-08,2024,8,11,4113797.11501481,289120.13794006,7.03
2024-08,2024,8,13,850748.4996414899,72916.09883514,8.57
2024-08,2024,8,15,550010.177215641,50005.30754861801,9.09
2024-08,2024,8,17,430417.298680055,30942.604839911004,7.19
2024-08,2024,8,18,162306.678137965,17077.149503779998,10.52
2024-08,2024,8,19,605975.7418165819,47896.65813643,7.9
2024-08,2024,8,20,525133.172913968,31240.460231450998,5.95
2024-08,2024,8,23,737380.3575407059,46172.698278096,6.26
2024-08,2024,8,25,1638246.460995754,129202.12904643001,7.89
2024-08,2024,8,27,162979.266029978,6778.890259771999,4.16
2024-08,2024,8,41,521018.509278455,25364.286705857998,4.87
2024-08,2024,8,44,341008.22672570404,22703.254226701003,6.66
2024-08,2024,8,47,564185.680909871,44877.17723339998,7.95
2024-08,2024,8,50,506982.08344836906,32517.915760293,6.41
2024-08,2024,8,52,674084.880681818,31796.813223867,4.72
2024-08,2024,8,54,647012.79237685,52641.083268909984,8.14
2024-08,2024,8,63,249113.875426194,25848.198336355003,10.38
2024-08,2024,8,66,455978.41489517,42654.89532614001,9.35
2024-08,2024,8,68,1031927.7530677901,72146.83836289997,6.99
2024-08,2024,8,70,341414.31574029697,10110.440670590999,2.96
2024-08,2024,8,73,567917.9848654,52314.865282440005,9.21
2024-08,2024,8,76,1931476.172466917,140053.640162365,7.25
2024-08,2024,8,81,41442.575194909994,9855.80059308,23.78
2024-08,2024,8,85,80203.54412258,3621.70218783,4.52
2024-08,2024,8,86,21268.010339111002,5117.130124674,24.06
2024-08,2024,8,88,23824.214833127,3077.984319059,12.92
2024-08,2024,8,91,14702.981342711002,813.661739324,5.53
2024-08,2024,8,94,8748.813478395,348.365875243,3.98
2024-08,2024,8,95,20099.824114986004,1198.963251801,5.97
2024-08,2024,8,97,4833.715916274,274.912277216,5.69
2024-08,2024,8,99,7540.832874928001,1133.218715158,15.03
2024-09,2024,9,5,3077542.43992433,142391.70345616998,4.63
2024-09,2024,9,8,1171859.435863458,81075.84127592001,6.92
2024-09,2024,9,11,3985033.3378643105,289122.2093037,7.26
2024-09,2024,9,13,866179.46044656,63448.0964842,7.33
2024-09,2024,9,15,543843.0971575939,20410.360208129998,3.75
2024-09,2024,9,17,444936.065445318,18937.349146250002,4.26
2024-09,2024,9,18,166006.462601482,11081.926554286001,6.68
2024-09,2024,9,19,587518.9781888099,31425.973599095003,5.35
2024-09,2024,9,20,451515.298122421,25615.619346179996,5.67
2024-09,2024,9,23,731877.611578352,35521.80036063601,4.85
2024-09,2024,9,25,1596027.259086164,123627.49266424001,7.75
2024-09,2024,9,27,177273.04936863598,11099.460388254,6.26
2024-09,2024,9,41,529339.414945574,24125.226579654,4.56
2024-09,2024,9,44,333376.051124546,20494.179348475,6.15
2024-09,2024,9,47,571445.2009030201,29050.28199125,5.08
2024-09,2024,9,50,503280.2004437501,35020.852559609986,6.96
2024-09,2024,9,52,713259.200228358,27732.338308432,3.89
2024-09,2024,9,54,596049.88883013,52882.28195641001,8.87
2024-09,2024,9,63,257693.02498210903,22946.249633937994,8.9
2024-09,2024,9,66,440290.058399297,41969.394401708996,9.53
2024-09,2024,9,68,1039222.117754822,76215.58136691,7.33
2024-09,2024,9,70,321779.854052294,19210.12201884,5.97
2024-09,2024,9,73,541804.7157656299,63966.98636834,11.81
2024-09,2024,9,76,1941440.2749914431,133719.04054530498,6.89
2024-09,2024,9,81,40772.722270065,12459.486493088,30.56
2024-09,2024,9,85,78826.14355536,2417.36042748,3.07
2024-09,2024,9,86,20752.379155825998,5437.715420449001,26.2
2024-09,2024,9,88,23508.290853243,3705.281465284,15.76
2024-09,2024,9,91,16992.084904144,175.020504192,1.03
2024-09,2024,9,94,9357.850416247999,545.005987555,5.82
2024-09,2024,9,95,21274.835278209997,1122.306714258,5.28
2024-09,2024,9,97,4413.234412922,127.715499999,2.89
2024-09,2024,9,99,8118.890817239,396.05589976,4.88
2024-10,2024,10,5,3190964.047656591,178523.688142602,5.59
2024-10,2024,10,8,1213164.171984496,64098.095310579985,5.28
2024-10,2024,10,11,4022458.13113858,311147.76666423003,7.74
2024-10,2024,10,13,917720.6126943501,79544.90568204001,8.67
2024-10,2024,10,15,527559.383422463,25366.098408352,4.81
2024-10,2024,10,17,431033.825430508,19939.967410257996,4.63
2024-10,2024,10,18,157764.52107649,11888.809477644,7.54
2024-10,2024,10,19,539972.951661088,32046.227697648,5.93
2024-10,2024,10,20,482651.143742181,31390.339058145997,6.5
2024-10,2024,10,23,632704.547465944,63272.66251469,10.0
2024-10,2024,10,25,1646973.664455743,104323.78165126,6.33
2024-10,2024,10,27,145727.812754533,15114.721500249998,10.37
2024-10,2024,10,41,514596.136236841,29525.752654003,5.74
2024-10,2024,10,44,343548.012389083,35491.775129597,10.33
2024-10,2024,10,47,529946.5807941479,31178.38166306,5.88
2024-10,2024,10,50,494682.02241423004,28912.69860947,5.84
2024-10,2024,10,52,713868.8931976131,32318.135438644007,4.53
2024-10,2024,10,54,623085.6210556701,50080.60603791,8.04
2024-10,2024,10,63,242161.55196717,19025.800382517,7.86
2024-10,2024,10,66,441214.893347272,34050.346456012,7.72
2024-10,2024,10,68,1067241.669243289,103263.88879463999,9.68
2024-10,2024,10,70,348004.778426159,23880.260030511003,6.86
2024-10,2024,10,73,563167.41602132,37177.31128031,6.6
2024-10,2024,10,76,1975956.859227509,147001.86666182996,7.44
2024-10,2024,10,81,41720.21593472,8410.42352384,20.16
2024-10,2024,10,85,80977.98958364999,5874.1355397199995,7.25
2024-10,2024,10,86,22682.998536966,4335.3736988949995,19.11
2024-10,2024,10,88,22707.119676333,2596.253824671,11.43
2024-10,2024,10,91,15119.692714388999,397.67840426,2.63
2024-10,2024,10,94,8378.75073162,134.679106266,1.61
2024-10,2024,10,95,21571.858741466,829.13030907,3.84
2024-10,2024,10,97,4939.864875425,0.0,0.0
2024-10,2024,10,99,8275.477043081999,998.5475623410001,12.07
2024-11,2024,11,5,3075913.481423298,126233.93610338,4.1
2024-11,2024,11,8,1176814.658446549,48036.20298436,4.08
2024-11,2024,11,11,4061130.76752376,157159.17502191997,3.87
2024-11,2024,11,13,841425.44140311,62327.509968490005,7.41
2024-11,2024,11,15,520446.47333177796,23231.050390054002,4.46
2024-11,2024,11,17,427764.301071891,21170.820031696,4.95
2024-11,2024,11,18,158169.634861633,10220.286039688,6.46
2024-11,2024,11,19,630429.398399144,23560.113058654002,3.74
2024-11,2024,11,20,498369.62578787195,28970.186198640004,5.81
2024-11,2024,11,23,695950.2073437211,57355.053995924,8.24
2024-11,2024,11,25,1617311.071274349,90067.03320087302,5.57
2024-11,2024,11,27,146083.817436643,4724.653718816,3.23
2024-11,2024,11,41,523029.16691864305,27504.158096575,5.26
2024-11,2024,11,44,357033.808859488,26593.164925381,7.45
2024-11,2024,11,47,540249.3916425679,21435.502484402004,3.97
2024-11,2024,11,50,510100.24335705803,22204.01790308,4.35
2024-11,2024,11,52,676969.6942682811,27228.300486335,4.02
2024-11,2024,11,54,651650.31978892,58782.30140083001,9.02
2024-11,2024,11,63,258706.144732511,24509.300775151998,9.47
2024-11,2024,11,66,437850.733385909,20863.869765789,4.77
2024-11,2024,11,68,1081387.05059472,84643.91623949,7.83
2024-11,2024,11,70,382020.393002679,19116.689690549007,5.0
2024-11,2024,11,73,606316.28840858,43441.94284807999,7.16
2024-11,2024,11,76,2011519.389421073,117589.17201937798,5.85
2024-11,2024,11,81,46646.358693072,8619.62332791,18.48
2024-11,2024,11,85,78574.07882551002,2595.86595714,3.3
2024-11,2024,11,86,21518.775916746,5872.546718807,27.29
2024-11,2024,11,88,23542.809550582,2900.7974841170003,12.32
2024-11,2024,11,91,17056.156164841,862.970194985,5.06
2024-11,2024,11,94,8921.807654133998,263.595495356,2.95
2024-11,2024,11,95,21634.59946819,128.88396251,0.6
2024-11,2024,11,97,5249.793555628,176.62828590200002,3.36
2024-11,2024,11,99,8439.112463086001,472.357157925,5.6
2024-12,2024,12,5,3051456.281349658,104554.4548384,3.43
2024-12,2024,12,8,1215048.997205984,61751.513742504,5.08
2024-12,2024,12,11,4023357.48615092,290600.06359329,7.22
2024-12,2024,12,13,875610.10084532,53438.511042340004,6.1
2024-12,2024,12,15,483285.064643902,29163.198634945,6.03
2024-12,2024,12,17,423956.55814334296,32610.858865742008,7.69
2024-12,2024,12,18,174060.580062852,14210.657751515002,8.16
2024-12,2024,12,19,662708.521934197,24811.832059037002,3.74
2024-12,2024,12,20,471576.71454964194,29613.944316869998,6.28
2024-12,2024,12,23,636584.240372745,61018.81198197501,9.59
2024-12,2024,12,25,1679195.250201175,99745.73632894001,5.94
2024-12,2024,12,27,148790.148180551,10548.735603492,7.09
2024-12,2024,12,41,482931.414734516,33633.43177004,6.96
2024-12,2024,12,44,374334.06615807,28211.411258577,7.54
2024-12,2024,12,47,568281.4526990961,27527.35034768,4.84
2024-12,2024,12,50,500811.45356714004,24369.567077850003,4.87
2024-12,2024,12,52,699165.5797692579,32206.170765106,4.61
2024-12,2024,12,54,651175.67583334,44069.867445690004,6.77
2024-12,2024,12,63,259995.532783816,17110.085544842,6.58
2024-12,2024,12,66,453669.30748294096,48378.332661123,10.66
2024-12,2024,12,68,1024611.0267422199,87363.75849133998,8.53
2024-12,2024,12,70,353472.398979606,17578.518851771998,4.97
2024-12,2024,12,73,590162.6114261099,46569.6048242,7.89
2024-12,2024,12,76,1888305.720870275,140432.49998290002,7.44
2024-12,2024,12,81,42802.03966551801,9853.232612780002,23.02
2024-12,2024,12,85,87928.35198402,4630.57424718,5.27
2024-12,2024,12,86,21195.486718664,4824.2865331190005,22.76
2024-12,2024,12,88,24157.736493285,2959.668072091,12.25
2024-12,2024,12,91,16455.186845539003,576.0579690480001,3.5
2024-12,2024,12,94,9271.915823139001,656.480741799,7.08
2024-12,2024,12,95,20109.537643311,1033.010366577,5.14
2024-12,2024,12,97,4285.294065995,37.376606634,0.87
2024-12,2024,12,99,8095.286192618,389.48330220099996,4.81
2025-01,2025,1,5,3005569.6461554747,164935.10514877198,5.49
2025-01,2025,1,8,1122576.33573105,74240.95571285998,6.61
2025-01,2025,1,11,3801207.49579073,322031.10475471005,8.47
2025-01,2025,1,13,846293.2635349401,59980.556742969995,7.09
2025-01,2025,1,15,473247.35998213897,29828.724574894,6.3
2025-01,2025,1,17,426649.52840057097,36204.49267307501,8.49
2025-01,2025,1,18,162555.314522035,15625.061059689002,9.61
2025-01,2025,1,19,603264.210787137,20728.698143200003,3.44
2025-01,2025,1,20,489320.33298129006,58789.965369369995,12.01
2025-01,2025,1,23,667271.722232651,74766.294151029,11.2
2025-01,2025,1,25,1605754.7563925982,119320.42540960699,7.43
2025-01,2025,1,27,116218.50063464399,9031.993312197998,7.77
2025-01,2025,1,41,497467.57045669097,56934.429580953,11.44
2025-01,2025,1,44,384242.97842940904,40056.447939663,10.42
2025-01,2025,1,47,546061.733679018,35261.496524049,6.46
2025-01,2025,1,50,512048.67717837996,56799.90649084,11.09
2025-01,2025,1,52,664941.0157259811,35617.37379148899,5.36
2025-01,2025,1,54,598552.9308134101,76072.18882026999,12.71
2025-01,2025,1,63,243128.578642474,23045.051108740998,9.48
2025-01,2025,1,66,440746.57151569007,38564.407036598,8.75
2025-01,2025,1,68,1021099.456229034,100518.1140301,9.84
2025-01,2025,1,70,360869.50407225493,28860.970468526997,8.0
2025-01,2025,1,73,554633.45958748,56239.940757920005,10.14
2025-01,2025,1,76,1976902.3905277338,177813.46602662402,8.99
2025-01,2025,1,81,41852.824565660005,9014.10409958,21.54
2025-01,2025,1,85,81332.04770625001,7425.69092735,9.13
2025-01,2025,1,86,21715.573140564,5438.329694440999,25.04
2025-01,2025,1,88,22654.74218763,4866.467548671,21.48
2025-01,2025,1,91,15909.404364755,1225.1720261209998,7.7
2025-01,2025,1,94,10191.620825391,1516.5363761090002,14.88
2025-01,2025,1,95,17084.235599883996,518.507600722,3.04
2025-01,2025,1,97,4427.065854650999,333.596936924,7.54
2025-01,2025,1,99,8203.868272919,1400.2575915039997,17.07
2025-02,2025,2,5,3172431.560654388,141664.558689837,4.47
2025-02,2025,2,8,1175899.321351907,91329.98131686999,7.77
2025-02,2025,2,11,4071478.48388578,265042.36009402,6.51
2025-02,2025,2,13,860755.8940297998,59205.12777424,6.88
2025-02,2025,2,15,496023.221761457,34205.996817896994,6.9
2025-02,2025,2,17,443787.637879092,44777.67161599999,10.09
2025-02,2025,2,18,158929.23629722602,15634.728421025,9.84
2025-02,2025,2,19,586429.4663877571,32375.213884929002,5.52
2025-02,2025,2,20,485540.43909729994,35648.22263986,7.34
2025-02,2025,2,23,617924.814040659,55154.751750227995,8.93
2025-02,2025,2,25,1608284.7067608228,128305.62340728,7.98
2025-02,2025,2,27,133552.671644378,13494.315677897,10.1
2025-02,2025,2,41,516670.62799180497,50756.31228952699,9.82
2025-02,2025,2,44,351576.47930896,38243.857028396,10.88
2025-02,2025,2,47,590585.1685640819,39604.881310818004,6.71
2025-02,2025,2,50,525294.306768236,50537.53273106,9.62
2025-02,2025,2,52,740276.9875072879,20657.642447800998,2.79
2025-02,2025,2,54,646630.19269631,50753.76727088,7.85
2025-02,2025,2,63,251950.031379874,22039.294222891996,8.75
2025-02,2025,2,66,448515.71858282696,30255.175150764997,6.75
2025-02,2025,2,68,1060169.82854382,91012.152221342,8.58
2025-02,2025,2,70,381193.023276644,35014.969984209,9.19
2025-02,2025,2,73,585105.72876073,59483.62040124,10.17
2025-02,2025,2,76,2017037.1320673758,155774.634967666,7.72
2025-02,2025,2,81,41274.2412459,8192.261810940001,19.85
2025-02,2025,2,85,80682.1607227,4342.85118236,5.38
2025-02,2025,2,86,21366.931304538004,4448.241064361,20.82
2025-02,2025,2,88,22986.302071045,2704.3749356630005,11.77
2025-02,2025,2,91,16958.071817145,888.533011922,5.24
2025-02,2025,2,94,9417.678670389001,804.611173923,8.54
2025-02,2025,2,95,21190.406686436996,2204.419118097,10.4
2025-02,2025,2,97,5040.987723601,344.0876028626001,6.83
2025-02,2025,2,99,8229.84889179,1223.780647085,14.87
2025-03,2025,3,5,3166264.2546565533,177543.38176095,5.61
2025-03,2025,3,8,1181431.215737872,59477.91744833,5.03
2025-03,2025,3,11,4146934.5997885405,277825.32015742,6.7
2025-03,2025,3,13,952948.79915547,75785.41250753001,7.95
2025-03,2025,3,15,545972.116419869,43055.97390566999,7.89
2025-03,2025,3,17,410690.411017209,32306.968117965993,7.87
2025-03,2025,3,18,156236.093209838,11468.581842505,7.34
2025-03,2025,3,19,522100.260264936,26193.64677189,5.02
2025-03,2025,3,20,494184.527583775,21554.46927,4.36
2025-03,2025,3,23,679189.9495769539,45022.89982098999,6.63
2025-03,2025,3,25,1635076.275228526,75807.121136216,4.64
2025-03,2025,3,27,134800.02475726203,10286.804331252,7.63
2025-03,2025,3,41,510910.084827019,39344.935374636,7.7
2025-03,2025,3,44,362086.687523182,27631.582953427,7.63
2025-03,2025,3,47,596500.482868396,52171.174038909994,8.75
2025-03,2025,3,50,498679.48316033,33794.62542977,6.78
2025-03,2025,3,52,784532.406233843,28690.231697049003,3.66
2025-03,2025,3,54,636977.8375995001,57212.80809152999,8.98
2025-03,2025,3,63,251873.29388717498,17842.312285711,7.08
2025-03,2025,3,66,463822.941085147,38974.154429708,8.4
2025-03,2025,3,68,1089741.872665992,93852.70199588999,8.61
2025-03,2025,3,70,356585.03628553497,31310.062204954,8.78
2025-03,2025,3,73,581374.1614754801,50358.6608587,8.66
2025-03,2025,3,76,2026212.081431519,161560.370072679,7.97
2025-03,2025,3,81,42886.305034699995,8728.818602300002,20.35
2025-03,2025,3,85,79784.27165554001,4956.89890242,6.21
2025-03,2025,3,86,20730.185327184998,4846.997072445999,23.38
2025-03,2025,3,88,23235.820118743,3911.364503326001,16.83
2025-03,2025,3,91,18876.497957811003,881.32271927,4.67
2025-03,2025,3,94,9637.659717582,697.909498797,7.24
2025-03,2025,3,95,21351.835367618,1749.616367475,8.19
2025-03,2025,3,97,5569.520484597901,249.83047391699998,4.49
2025-03,2025,3,99,7948.833610778,757.009046831,9.52
2025-04,2025,4,5,3037674.905059467,139645.758248395,4.6
2025-04,2025,4,8,1201340.2999769791,71614.20703475,5.96
2025-04,2025,4,11,3627014.00208108,230635.67112430002,6.36
2025-04,2025,4,13,815532.7014329301,31914.33837702001,3.91
2025-04,2025,4,15,464118.040210245,32576.434914209,7.02
2025-04,2025,4,17,440923.825176768,34654.79586058,7.86
2025-04,2025,4,18,166552.56652621698,9828.313318774999,5.9
2025-04,2025,4,19,568737.664353381,24684.738897785,4.34
2025-04,2025,4,20,465803.04820931004,17796.6762451,3.82
2025-04,2025,4,23,668863.8364241531,58040.94353544199,8.68
2025-04,2025,4,25,1581076.801490851,106396.195024146,6.73
2025-04,2025,4,27,139677.399922709,9102.488965703002,6.52
2025-04,2025,4,41,487904.152058998,37774.131930327,7.74
2025-04,2025,4,44,353244.517077563,23377.926833883,6.62
2025-04,2025,4,47,597206.9498097601,34139.5727071,5.72
2025-04,2025,4,50,476498.67207047006,48003.34780957,10.07
2025-04,2025,4,52,707916.505187467,33058.031584359,4.67
2025-04,2025,4,54,569119.17579773,46339.09127486999,8.14
2025-04,2025,4,63,257259.44255934499,18253.012027301,7.1
2025-04,2025,4,66,463004.879574462,36070.372119388,7.79
2025-04,2025,4,68,1011031.910214616,76727.36637358999,7.59
2025-04,2025,4,70,360341.73353530595,26509.663641902,7.36
2025-04,2025,4,73,596552.44858016,68831.93660005,11.54
2025-04,2025,4,76,1965965.5512570362,142480.83484022997,7.25
2025-04,2025,4,81,46008.88182632,11143.134798276,24.22
2025-04,2025,4,85,81787.73947115999,7629.07256117,9.33
2025-04,2025,4,86,19889.771698826004,3269.3439384189996,16.44
2025-04,2025,4,88,24327.338462104002,2893.2761357070003,11.89
2025-04,2025,4,91,16467.252135494997,337.717836248,2.05
2025-04,2025,4,94,9078.591288254001,311.18427195099997,3.43
2025-04,2025,4,95,19556.519173912995,764.853856637,3.91
2025-04,2025,4,97,5351.903669313,185.30245385400002,3.46
2025-04,2025,4,99,8378.013436591002,582.872996259,6.96
2025-05,2025,5,5,3004744.5770803504,115127.84566256001,3.83
2025-05,2025,5,8,1212668.274238126,71500.36510267999,5.9
2025-05,2025,5,11,4054674.68385115,251060.53710239998,6.19
2025-05,2025,5,13,896158.7848129999,68177.67473299999,7.61
2025-05,2025,5,15,555565.556716168,37592.848135508,6.77
2025-05,2025,5,17,463425.08112014894,29724.481041336003,6.41
2025-05,2025,5,18,171546.101410049,13384.19204787,7.8
2025-05,2025,5,19,603356.7048092269,25059.665056315996,4.15
2025-05,2025,5,20,507207.15920039895,24944.608120348,4.92
2025-05,2025,5,23,642073.759294864,35431.237114172,5.52
2025-05,2025,5,25,1663379.606823288,92897.29352269,5.58
2025-05,2025,5,27,153722.85911241,10250.488789792,6.67
2025-05,2025,5,41,534431.6685930861,26911.228049471003,5.04
2025-05,2025,5,44,375651.75576647604,31525.760641762,8.39
2025-05,2025,5,47,578945.160016312,34391.088007034,5.94
2025-05,2025,5,50,527428.1762713301,31786.04751896,6.03
2025-05,2025,5,52,732861.814558022,20832.687954952,2.84
2025-05,2025,5,54,650982.22963871,58592.00882944001,9.0
2025-05,2025,5,63,247934.141816365,22733.212362312,9.17
2025-05,2025,5,66,464980.08942273504,32605.08679313,7.01
2025-05,2025,5,68,1064411.78517994,97611.90552905,9.17
2025-05,2025,5,70,363706.117513246,35927.826551824,9.88
2025-05,2025,5,73,600119.8536407399,42276.933817109995,7.04
2025-05,2025,5,76,2027612.680393471,146094.667063463,7.21
2025-05,2025,5,81,46687.111094103995,7679.7100107900005,16.45
2025-05,2025,5,85,79971.23499661998,6223.690769790001,7.78
2025-05,2025,5,86,21124.00717776,3753.139980961,17.77
2025-05,2025,5,88,24055.250838341002,2525.850036571,10.5
2025-05,2025,5,91,16961.580872299,772.1338904219999,4.55
2025-05,2025,5,94,9001.812061409,215.544999023,2.39
2025-05,2025,5,95,23149.582611088998,882.26958132,3.81
2025-05,2025,5,97,4964.057761366,218.92315694799998,4.41
2025-05,2025,5,99,7765.657578035001,764.0278732740001,9.84
2025-06,2025,6,5,3129728.345614457,107519.43836156001,3.44
2025-06,2025,6,8,1151318.835180926,43467.42467409,3.78
2025-06,2025,6,11,4140905.6873135897,276750.3853811,6.68
2025-06,2025,6,13,894154.1682709099,52094.36923409001,5.83
2025-06,2025,6,15,530401.46135763,24796.064031906004,4.67
2025-06,2025,6,17,454189.259207101,24198.518583422,5.33
2025-06,2025,6,18,154874.29857829702,6653.400735544,4.3
2025-06,2025,6,19,602443.8715472639,28597.734763023003,4.75
2025-06,2025,6,20,552429.478014406,30095.169338513,5.45
2025-06,2025,6,23,679801.0395894339,53907.328971361,7.93
2025-06,2025,6,25,1667947.828662425,131984.27318746,7.91
2025-06,2025,6,27,126814.616374368,5937.1684033480005,4.68
2025-06,2025,6,41,511647.436058561,41006.86210828,8.01
2025-06,2025,6,44,364261.148180292,33049.091951359,9.07
2025-06,2025,6,47,536197.873293019,35709.921829483996,6.66
2025-06,2025,6,50,479112.58667757,40058.16903563,8.36
2025-06,2025,6,52,800182.477223525,22705.354025818,2.84
2025-06,2025,6,54,654133.25168257,52927.99940036,8.09
2025-06,2025,6,63,254129.232482101,20122.454365956004,7.92
2025-06,2025,6,66,446562.157206979,28401.931620250998,6.36
2025-06,2025,6,68,1038802.05803047,77875.70846655,7.5
2025-06,2025,6,70,359629.87530764303,17847.254397597004,4.96
2025-06,2025,6,73,560915.25578537,50991.31433942,9.09
2025-06,2025,6,76,2038528.0546165989,140065.583819839,6.87
2025-06,2025,6,81,45877.2028403,9574.974757709999,20.87
2025-06,2025,6,85,83372.40281862,5586.12454245,6.7
2025-06,2025,6,86,20816.006200104,2929.634979308,14.07
2025-06,2025,6,88,22900.754938420003,2735.7711755620003,11.95
2025-06,2025,6,91,16784.952855894,285.82235801499996,1.7
2025-06,2025,6,94,9630.666428949,433.264737814,4.5
2025-06,2025,6,95,20466.429806586,1038.081288894,5.07
2025-06,2025,6,97,4834.616308752,222.94737829500002,4.61
2025-06,2025,6,99,8292.812778585,607.680704861,7.33
2025-07,2025,7,5,3343452.26187976,135038.71106688998,4.04
2025-07,2025,7,8,1148374.629266929,58586.37456144501,5.1
2025-07,2025,7,11,4144172.33154633,256935.42926626,6.2
2025-07,2025,7,13,782453.570888377,68196.32501999002,8.72
2025-07,2025,7,15,574715.499308872,46850.857492653005,8.15
2025-07,2025,7,17,443600.98268222896,26599.551071323,6.0
2025-07,2025,7,18,154841.000614714,9659.455443941,6.24
2025-07,2025,7,19,582282.211022684,21611.992510655997,3.71
2025-07,2025,7,20,517922.57507001597,16383.292350959999,3.16
2025-07,2025,7,23,635863.1125175371,52576.581543249995,8.27
2025-07,2025,7,25,1662759.524311515,104655.31286071498,6.29
2025-07,2025,7,27,134630.033324881,8343.263528925001,6.2
2025-07,2025,7,41,502431.81545692,32249.38473763,6.42
2025-07,2025,7,44,369373.85559809103,30025.864576525997,8.13
2025-07,2025,7,47,626208.670315251,43278.96931637101,6.91
2025-07,2025,7,50,487321.96243693,30083.878426799998,6.17
2025-07,2025,7,52,789203.679827688,31529.677856791004,4.0
2025-07,2025,7,54,655447.84459505,57813.343026559996,8.82
2025-07,2025,7,63,246080.825585365,16856.514222093003,6.85
2025-07,2025,7,66,453537.11773159204,32034.853326040004,7.06
2025-07,2025,7,68,1045098.1623060401,83164.27966444001,7.96
2025-07,2025,7,70,357856.867000647,24252.310970844,6.78
2025-07,2025,7,73,599781.79712478,56143.98017487,9.36
2025-07,2025,7,76,2044038.761459421,106062.73651258,5.19
2025-07,2025,7,81,43510.672608547,9118.203653887998,20.96
2025-07,2025,7,85,75989.39048453001,4157.610206490001,5.47
2025-07,2025,7,86,21644.526244037,3899.326281179,18.02
2025-07,2025,7,88,24382.989580636,2992.0638004709995,12.27
2025-07,2025,7,91,16986.908275886002,741.123292493,4.36
2025-07,2025,7,94,10031.699349027,611.973996642,6.1
2025-07,2025,7,95,21023.223674687004,1251.03977167,5.95
2025-07,2025,7,97,5057.2712875898,20.603167656,0.41
2025-07,2025,7,99,7871.123483861002,499.64693658199997,6.35
2025-08,2025,8,5,3130707.2083659125,90269.52765867,2.88
2025-08,2025,8,8,1163994.36479955,54543.61027813001,4.69
2025-08,2025,8,11,4197774.44207002,298118.4902338,7.1
2025-08,2025,8,13,911328.2456348599,61146.295905629995,6.71
2025-08,2025,8,15,481880.90942014393,25852.703211468,5.36
2025-08,2025,8,17,454959.322642932,42043.008270492996,9.24
2025-08,2025,8,18,154748.414530137,7535.1487521220015,4.87
2025-08,2025,8,19,559375.667427885,33690.562161883005,6.02
2025-08,2025,8,20,531642.358267507,20049.026223,3.77
2025-08,2025,8,23,707351.0081082729,48420.286576891005,6.85
2025-08,2025,8,25,1627185.735823609,74860.03424719001,4.6
2025-08,2025,8,27,128511.05263272602,5832.07227674,4.54
2025-08,2025,8,41,494606.331143351,42432.17988124599,8.58
2025-08,2025,8,44,337880.760569007,30923.878178009003,9.15
2025-08,2025,8,47,573810.85964664,31224.68520502,5.44
2025-08,2025,8,50,507178.73905882996,32014.4216747,6.31
2025-08,2025,8,52,758296.782914884,30676.291523907996,4.05
2025-08,2025,8,54,668564.78565017,54438.622370050005,8.14
2025-08,2025,8,63,253238.12360078702,19312.902210763004,7.63
2025-08,2025,8,66,455597.303222774,26429.50454454,5.8
2025-08,2025,8,68,1043585.2706496449,76809.01323381,7.36
2025-08,2025,8,70,367102.59489675495,21328.080723709,5.81
2025-08,2025,8,73,589833.37173554,55861.03838529,9.47
2025-08,2025,8,76,2090951.0856325699,154775.01629754005,7.4
2025-08,2025,8,81,45667.948438305,8038.02331661,17.6
2025-08,2025,8,85,77402.56123803,3446.47260834,4.45
2025-08,2025,8,86,18964.649367141996,2870.8951159500007,15.14
2025-08,2025,8,88,23147.903587035995,2572.8268401530004,11.11
2025-08,2025,8,91,16516.601112573,0.0,0.0
2025-08,2025,8,94,8839.367805812999,367.212132097,4.15
2025-08,2025,8,95,21704.376023557,419.815247998,1.93
2025-08,2025,8,97,6058.5572310592,102.281753256,1.69
2025-08,2025,8,99,8408.578612499,762.9385336659999,9.07
2025-09,2025,9,5,3149853.939570269,133669.51125728,4.24
2025-09,2025,9,8,1223279.072310493,58279.95911779,4.76
2025-09,2025,9,11,4097923.58421158,243714.417116,5.95
2025-09,2025,9,13,847825.9189437099,80110.76140449,9.45
2025-09,2025,9,15,512834.35205925,25322.778201339002,4.94
2025-09,2025,9,17,460698.796213201,26765.097654449,5.81
2025-09,2025,9,18,161582.180138728,9365.711833406001,5.8
2025-09,2025,9,19,608226.129111746,27893.441066261003,4.59
2025-09,2025,9,20,526511.7217656,24707.298568745,4.69
2025-09,2025,9,23,732781.9069126609,43198.139203718994,5.9
2025-09,2025,9,25,1755258.324156573,123576.30597861999,7.04
2025-09,2025,9,27,162040.027942243,16010.711427050997,9.88
2025-09,2025,9,41,485947.48400040704,28445.450295541,5.85
2025-09,2025,9,44,359848.62388995604,22228.742247875995,6.18
2025-09,2025,9,47,575079.206470981,31673.960017516005,5.51
2025-09,2025,9,50,509750.013297,25399.34838275,4.98
2025-09,2025,9,52,736216.59823148,17751.428925777996,2.41
2025-09,2025,9,54,614481.31580768,50078.810778490006,8.15
2025-09,2025,9,63,251428.587409107,15722.490882804997,6.25
2025-09,2025,9,66,459140.640003554,24497.757048713,5.34
2025-09,2025,9,68,1050485.40971142,70357.17623802001,6.7
2025-09,2025,9,70,381916.812420573,39856.405633536,10.44
2025-09,2025,9,73,602718.426091037,46118.54946735,7.65
2025-09,2025,9,76,1911975.7535623992,129613.60503410098,6.78
2025-09,2025,9,81,43951.470029405,10499.371598213,23.89
2025-09,2025,9,85,84569.85900905999,3297.16999729,3.9
2025-09,2025,9,86,20118.864440428,2560.558325485,12.73
2025-09,2025,9,88,23712.321478693,2982.1729819719994,12.58
2025-09,2025,9,91,16076.711175797998,344.972996196,2.15
2025-09,2025,9,94,9131.305284259,623.1355483599999,6.82
2025-09,2025,9,95,22413.781977818,1333.9768949790005,5.95
2025-09,2025,9,97,5450.0320358106,147.08632336499997,2.7
2025-09,2025,9,99,7824.244747921,409.532309838,5.23
2025-10,2025,10,5,3337477.0330966422,138941.37800259003,4.16
2025-10,2025,10,8,1271826.6738326661,77415.06951512,6.09
2025-10,2025,10,11,4083877.9108617003,191057.72764569,4.68
2025-10,2025,10,13,832602.37177392,67258.06458907,8.08
2025-10,2025,10,15,488574.98824826494,39960.450278783996,8.18
2025-10,2025,10,17,445801.64496700605,22326.394692901,5.01
2025-10,2025,10,18,161444.45543995203,10985.358530645,6.8
2025-10,2025,10,19,555504.8213181461,28731.057332395,5.17
2025-10,2025,10,20,510769.115880838,50400.92647529,9.87
2025-10,2025,10,23,702489.751736497,42111.833159968,5.99
2025-10,2025,10,25,1700573.6820103521,129227.85867240201,7.6
2025-10,2025,10,27,171433.66621129902,9662.207558041,5.64
2025-10,2025,10,41,445316.117243949,27668.221968149,6.21
2025-10,2025,10,44,341007.346968404,20538.0957206,6.02
2025-10,2025,10,47,584123.524147097,43846.658055252,7.51
2025-10,2025,10,50,526274.790843414,27529.935897913,5.23
2025-10,2025,10,52,734729.239756241,35210.806865873004,4.79
2025-10,2025,10,54,671625.84035484,52626.59855696,7.84
2025-10,2025,10,63,244621.77045141,18048.467252493003,7.38
2025-10,2025,10,66,446333.676024578,18841.743458702003,4.22
2025-10,2025,10,68,1056594.94972343,75432.69880595998,7.14
2025-10,2025,10,70,369001.841483861,26584.030574359003,7.2
2025-10,2025,10,73,617540.08721118,31271.58352211,5.06
2025-10,2025,10,76,2037041.033259381,117955.270099266,5.79
2025-10,2025,10,81,42767.258868846,3727.31681582,8.72
2025-10,2025,10,85,81202.31879918001,3834.11602094,4.72
2025-10,2025,10,86,21822.082753226,4195.143732621001,19.22
2025-10,2025,10,88,24111.050392194004,2705.161895863,11.22
2025-10,2025,10,91,15456.570358201,201.72241109099997,1.31
2025-10,2025,10,94,10338.715961024001,394.00801437199993,3.81
2025-10,2025,10,95,22569.377152324,1528.3675667050002,6.77
2025-10,2025,10,97,5570.538651952301,216.85553301299998,3.89
2025-10,2025,10,99,7627.388845983,673.1290061059999,8.83
2025-11,2025,11,5,3142643.64422282,75434.92701457001,2.4
2025-11,2025,11,8,1298323.583744552,77877.62416517,6.0
2025-11,2025,11,11,4268272.244170739,190685.66175506,4.47
2025-11,2025,11,13,846976.6786163801,65902.20565168001,7.78
2025-11,2025,11,15,526753.285342732,16168.087591713003,3.07
2025-11,2025,11,17,451146.983363332,27814.54597998,6.17
2025-11,2025,11,18,167975.826947473,11269.233867085999,6.71
2025-11,2025,11,19,529619.6586255899,22172.243603042993,4.19
2025-11,2025,11,20,502043.246844843,23933.91763664,4.77
2025-11,2025,11,23,744824.5501189999,37800.587705168,5.08
2025-11,2025,11,25,1716630.3503108341,100577.61063408,5.86
2025-11,2025,11,27,152578.19467251498,5809.732856596,3.81
2025-11,2025,11,41,496038.80223440396,16414.175710423002,3.31
2025-11,2025,11,44,346702.98637285,25146.466021833,7.25
2025-11,2025,11,47,598176.591712114,38636.008907729,6.46
2025-11,2025,11,50,521222.474496392,26161.60323257,5.02
2025-11,2025,11,52,771741.718624578,24086.511664502003,3.12
2025-11,2025,11,54,709102.31299695,53333.66250992,7.52
2025-11,2025,11,63,258985.737251893,18481.196607749996,7.14
2025-11,2025,11,66,455802.81552542,27877.855387997,6.12
2025-11,2025,11,68,1136653.725905086,72327.422057692,6.36
2025-11,2025,11,70,372985.508389245,24367.159514427996,6.53
2025-11,2025,11,73,608986.74466553,41705.45666241,6.85
2025-11,2025,11,76,2098513.992639014,117257.25669661003,5.59
2025-11,2025,11,81,40623.720042082,2303.9833117599997,5.67
2025-11,2025,11,85,84647.27942432,3787.98496514,4.48
2025-11,2025,11,86,20240.799469263,2980.295478459,14.72
2025-11,2025,11,88,25712.421606074997,3065.874500304,11.92
2025-11,2025,11,91,20144.059890105,253.94845683,1.26
2025-11,2025,11,94,9524.455266068,267.24820042799996,2.81
2025-11,2025,11,95,21092.306543322,366.985024138,1.74
2025-11,2025,11,97,5515.3960754030995,30.904894257,0.56
2025-11,2025,11,99,8480.488593472,401.10351641100004,4.73
2025-12,2025,12,5,3221362.413057863,137725.390524889,4.28
2025-12,2025,12,8,1247734.4651564849,57545.384590621004,4.61
2025-12,2025,12,11,4122317.04617256,173352.71810685002,4.21
2025-12,2025,12,13,908590.5565789,67738.5288571,7.46
2025-12,2025,12,15,544793.7211813,29654.142124954,5.44
2025-12,2025,12,17,460535.479459411,32932.589537404,7.15
2025-12,2025,12,18,167768.912270672,8804.655772194003,5.25
2025-12,2025,12,19,533792.770118018,18208.238059556,3.41
2025-12,2025,12,20,514933.56871538993,36270.54882623,7.04
2025-12,2025,12,23,591062.0787687129,41296.712326082,6.99
2025-12,2025,12,25,1663816.480046939,126646.49237676398,7.61
2025-12,2025,12,27,170388.552080305,12993.701118549998,7.63
2025-12,2025,12,41,455002.53333986097,20875.476699476,4.59
2025-12,2025,12,44,322182.663982523,25337.513353056005,7.86
2025-12,2025,12,47,595457.126277746,38893.32746947999,6.53
2025-12,2025,12,50,517850.791462861,24281.233755291003,4.69
2025-12,2025,12,52,807795.813106609,20207.597286072,2.5
2025-12,2025,12,54,652455.36321692,56959.52071320001,8.73
2025-12,2025,12,63,246175.354381103,18634.817588131,7.57
2025-12,2025,12,66,440871.256567531,26301.504641130003,5.97
2025-12,2025,12,68,1082631.461182016,88103.179571798,8.14
2025-12,2025,12,70,378336.06483962905,30815.031774017,8.14
2025-12,2025,12,73,649934.7508983,59084.2280983,9.09
2025-12,2025,12,76,1995284.1608556597,110949.4541027,5.56
2025-12,2025,12,81,47193.67441261,5766.604996014,12.22
2025-12,2025,12,85,83428.74911863,5433.654162690001,6.51
2025-12,2025,12,86,22650.481508735,4567.279981486001,20.16
2025-12,2025,12,88,23578.312193400998,3013.772130901,12.78
2025-12,2025,12,91,18993.98422986,545.62050778,2.87
2025-12,2025,12,94,10255.856722687,999.3003880869999,9.74
2025-12,2025,12,95,20603.945354855998,617.1974228690001,3.0
2025-12,2025,12,97,5018.495018944,44.327832634,0.88
2025-12,2025,12,99,8211.590590402,928.7607961929998,11.31
2026-01,2026,1,5,2881181.934757293,176443.59419499402,6.12
2026-01,2026,1,8,1229545.100714812,71966.83648816,5.85
2026-01,2026,1,11,3719307.86691565,305912.86034267006,8.22
2026-01,2026,1,13,868470.74391238,115799.77353153,13.33
2026-01,2026,1,15,474927.855249658,52566.600156112,11.07
2026-01,2026,1,17,438171.58629622497,30167.646958815996,6.88
2026-01,2026,1,18,148456.248942342,12463.351870676,8.4
2026-01,2026,1,19,568723.856995049,26258.792594880004,4.62
2026-01,2026,1,20,465539.53176547005,43224.815891,9.28
2026-01,2026,1,23,626106.877892051,68300.749601335,10.91
2026-01,2026,1,25,1606420.2808350488,159773.16682585597,9.95
2026-01,2026,1,27,129259.824798764,8549.045071599001,6.61
2026-01,2026,1,41,459850.646641131,17677.001028455004,3.84
2026-01,2026,1,44,330723.45241285895,37652.339778450005,11.38
2026-01,2026,1,47,577312.07226179,49856.409460639996,8.64
2026-01,2026,1,50,476415.98590173,33549.73401565001,7.04
2026-01,2026,1,52,739925.117875942,24005.652228501,3.24
2026-01,2026,1,54,620274.27206391,75482.52699998999,12.17
2026-01,2026,1,63,243282.386660126,22038.962740465002,9.06
2026-01,2026,1,66,424090.427229598,28356.29511688,6.69
2026-01,2026,1,68,1056902.835780665,93894.78634240001,8.88
2026-01,2026,1,70,384691.341317361,33901.171644737,8.81
2026-01,2026,1,73,561589.28416284,45821.63944353,8.16
2026-01,2026,1,76,1939759.815106148,139702.66774171003,7.2
2026-01,2026,1,81,40411.706310712005,5824.23840591,14.41
2026-01,2026,1,85,77552.06748616,11315.24115316,14.59
2026-01,2026,1,86,19822.697347348,3795.583383985,19.15
2026-01,2026,1,88,25666.603391313,4541.558928387999,17.69
2026-01,2026,1,91,18162.327298796998,1650.8183828780002,9.09
2026-01,2026,1,94,10693.7070217,1449.888242866,13.56
2026-01,2026,1,95,18746.793269501002,1860.0928480759999,9.92
2026-01,2026,1,97,4343.721501588,101.995342139,2.35
2026-01,2026,1,99,7319.756713737,999.289110735,13.65
2026-02,2026,2,5,3112508.58579983,167700.33660388,5.39
2026-02,2026,2,8,1194337.544165913,75299.435646878,6.3
2026-02,2026,2,11,4171626.45922733,217252.40048137,5.21
2026-02,2026,2,13,874752.9769882499,61717.30694373,7.06
2026-02,2026,2,15,485446.5822553881,37176.733591771,7.66
2026-02,2026,2,17,464972.509021446,29962.142203174,6.44
2026-02,2026,2,18,153974.78148973803,16774.214023441,10.89
2026-02,2026,2,19,526926.2563188069,27694.792757507,5.26
2026-02,2026,2,20,521393.43343405006,31900.251337139995,6.12
2026-02,2026,2,23,674766.140081362,49499.478950148994,7.34
2026-02,2026,2,25,1755939.2282717722,113170.48016301998,6.45
2026-02,2026,2,27,176260.293470492,13894.5671017,7.88
2026-02,2026,2,41,477736.59845011,28421.619764393,5.95
2026-02,2026,2,44,365972.06866803096,35165.262295812,9.61
2026-02,2026,2,47,574675.81017747,46047.16874573,8.01
2026-02,2026,2,50,499154.54047504,26437.523168919997,5.3
2026-02,2026,2,52,722267.601914626,23698.843835019,3.28
2026-02,2026,2,54,682562.02867257,63127.1369641,9.25
2026-02,2026,2,63,253830.56803681402,15624.771272159998,6.16
2026-02,2026,2,66,447783.311306325,26298.20202565,5.87
2026-02,2026,2,68,1111789.3246574132,80051.53691217999,7.2
2026-02,2026,2,70,381260.74374505994,32575.726475399,8.54
2026-02,2026,2,73,594400.1752838,59429.79609791,10.0
2026-02,2026,2,76,2073856.69842064,141342.0855623,6.82
2026-02,2026,2,81,44443.490087464,8416.68383845,18.94
2026-02,2026,2,85,85514.2568341,5835.4791069,6.82
2026-02,2026,2,86,19743.000348187998,4031.78120164,20.42
2026-02,2026,2,88,24549.251887369002,2369.488403333,9.65
2026-02,2026,2,91,15745.136908907998,156.0715876,0.99
2026-02,2026,2,94,10685.207348191,1243.21156475,11.63
2026-02,2026,2,95,21835.268713296,446.888574015,2.05
2026-02,2026,2,97,5098.385090484,24.601015411,0.48
2026-02,2026,2,99,8168.356366631,795.4735578579999,9.74
2026-03,2026,3,5,3132213.7909680726,131860.08772419,4.21
2026-03,2026,3,8,1248015.107192264,49434.67410625,3.96
2026-03,2026,3,11,4110370.93306464,250395.96550437005,6.09
2026-03,2026,3,13,865663.540792614,62556.55733549,7.23
2026-03,2026,3,15,545579.326684276,44235.195677792995,8.11
2026-03,2026,3,17,460662.22649018397,28651.427266884,6.22
2026-03,2026,3,18,174081.509752765,12201.311104227998,7.01
2026-03,2026,3,19,510618.6478927641,16618.335793100003,3.25
2026-03,2026,3,20,546230.7569745949,42120.14963546,7.71
2026-03,2026,3,23,697092.865369805,42524.673490067995,6.1
2026-03,2026,3,25,1717773.8142659082,107654.98682968998,6.27
2026-03,2026,3,27,151015.773195927,14571.436253160002,9.65
2026-03,2026,3,41,534675.005248283,29696.870302512998,5.55
2026-03,2026,3,44,361410.341985753,29042.867445159,8.04
2026-03,2026,3,47,599479.369088025,36145.45402828999,6.03
2026-03,2026,3,50,492320.98091995995,22308.83390967,4.53
2026-03,2026,3,52,778091.470780852,21851.250387892997,2.81
2026-03,2026,3,54,674501.33073641,59910.55177671,8.88
2026-03,2026,3,63,274778.750878296,21526.136585486995,7.83
2026-03,2026,3,66,474325.319603082,26000.169665953,5.48
2026-03,2026,3,68,1078384.0099814548,83351.68985324701,7.73
2026-03,2026,3,70,349557.395327999,27792.557059413997,7.95
2026-03,2026,3,73,590326.71202455,45619.05747632,7.73
2026-03,2026,3,76,2122806.4056027327,140895.71283498002,6.64
2026-03,2026,3,81,40887.12587420001,5039.349338370001,12.33
2026-03,2026,3,85,90212.87894296,6753.09787097,7.49
2026-03,2026,3,86,19230.324957326,4060.8690912380002,21.12
2026-03,2026,3,88,23789.502440457,2441.413030922,10.26
2026-03,2026,3,91,16787.512034149,122.13913694,0.73
2026-03,2026,3,94,10387.895938994,701.6518195379999,6.75
2026-03,2026,3,95,22673.597168605003,327.399439106,1.44
2026-03,2026,3,97,4435.314283133001,0.0,0.0
2026-03,2026,3,99,7341.3415429530005,677.2123859829999,9.22
2026-04,2026,4,5,3202361.783935738,154145.29379755,4.81
2026-04,2026,4,8,1271810.346326595,83639.88175395,6.58
2026-04,2026,4,11,3899987.725071,232703.75562155998,5.97
2026-04,2026,4,13,874937.9279674101,59391.203518320006,6.79
2026-04,2026,4,15,562219.286668777,51345.439496750005,9.13
2026-04,2026,4,17,450408.897050909,27880.655886071,6.19
2026-04,2026,4,18,170281.06388907,14686.00929111,8.62
2026-04,2026,4,19,603740.3328185619,26489.813641917,4.39
2026-04,2026,4,20,549190.42289883,32520.058050560005,5.92
2026-04,2026,4,23,640006.037965397,45119.550011761996,7.05
2026-04,2026,4,25,1567834.756231618,106293.13896388999,6.78
2026-04,2026,4,27,166167.93062482701,11186.306397526998,6.73
2026-04,2026,4,41,507095.381991672,28739.995129589995,5.67
2026-04,2026,4,44,362884.642308784,18080.29796579,4.98
2026-04,2026,4,47,523833.60910132,31820.036390639998,6.07
2026-04,2026,4,50,490187.14261355996,35278.61720635,7.2
2026-04,2026,4,52,645822.752499587,20051.954632492998,3.1
2026-04,2026,4,54,621738.9097298,59334.17499423,9.54
2026-04,2026,4,63,258053.632297398,14038.595776969001,5.44
2026-04,2026,4,66,436926.245710723,22221.495925295003,5.09
2026-04,2026,4,68,1083802.509824726,94060.17464282,8.68
2026-04,2026,4,70,389943.59711261094,37371.755926066995,9.58
2026-04,2026,4,73,576244.5904131801,62243.96376479,10.8
2026-04,2026,4,76,2078343.9764905008,125175.08766000999,6.02
2026-04,2026,4,81,41954.67996129001,4547.21229906,10.84
2026-04,2026,4,85,81079.18712598001,5470.62392096,6.75
2026-04,2026,4,86,18520.426579847,3717.739959262,20.07
2026-04,2026,4,88,23277.213249944,2615.1868827099997,11.23
2026-04,2026,4,91,15230.639087458,745.6989036180001,4.9
2026-04,2026,4,94,10473.629081571,469.526972006,4.48
2026-04,2026,4,95,19505.602433848002,273.54934955,1.4
2026-04,2026,4,97,5273.300891768,46.37496446,0.88
2026-04,2026,4,99,7859.147493252,495.425391499,6.3
