periodo,ano,mes,DPTO,empleo,informales,tasa_informalidad
2022-02,2022,2,5,2892271.200897096,1377749.7436321499,47.64
2022-02,2022,2,8,1197979.4335714101,772612.824256889,64.49
2022-02,2022,2,11,3762405.30898955,1149763.99645636,30.56
2022-02,2022,2,13,897562.7627937901,663475.46991999,73.92
2022-02,2022,2,15,463709.479683093,311818.55724931904,67.24
2022-02,2022,2,17,436860.147846286,219916.18468607997,50.34
2022-02,2022,2,18,165877.616170842,128377.81065362401,77.39
2022-02,2022,2,19,628550.9562702009,497414.113118334,79.14
2022-02,2022,2,20,464589.4449368791,333553.315321129,71.8
2022-02,2022,2,23,812511.402527457,706616.819972306,86.97
2022-02,2022,2,25,1494857.8835137822,757671.172902684,50.69
2022-02,2022,2,27,180422.573662901,145427.51934213,80.6
2022-02,2022,2,41,460387.132817078,331143.732428852,71.93
2022-02,2022,2,44,384966.425125584,342658.85694901395,89.01
2022-02,2022,2,47,591954.652990425,486288.888271593,82.15
2022-02,2022,2,50,471309.98445026,302617.202350406,64.21
2022-02,2022,2,52,890360.592021232,753579.966412543,84.64
2022-02,2022,2,54,661388.3984947801,477744.22415193997,72.23
2022-02,2022,2,63,248553.11912447703,134415.77029881597,54.08
2022-02,2022,2,66,406290.163505248,193817.725869803,47.7
2022-02,2022,2,68,1066008.545658976,636055.557442356,59.67
2022-02,2022,2,70,441338.950215961,360421.35031711496,81.67
2022-02,2022,2,73,553374.48480382,376298.95245866,68.0
2022-02,2022,2,76,1910649.8482004688,1034237.4096102589,54.13
2022-02,2022,2,81,25543.592553364,18006.764669381002,70.49
2022-02,2022,2,85,78230.67671834001,42596.96345277,54.45
2022-02,2022,2,86,16561.342489939,8963.766450433,54.12
2022-02,2022,2,88,22661.308267973996,7424.8413191,32.76
2022-02,2022,2,91,13835.652576545002,7033.344432007,50.83
2022-02,2022,2,94,8759.109995234001,6596.892535342,75.31
2022-02,2022,2,95,20298.181129026998,13477.989953152999,66.4
2022-02,2022,2,97,3939.1578134162,1601.8787948758,40.67
2022-02,2022,2,99,6909.770308911,4258.080336869999,61.62
2022-03,2022,3,5,3105036.775328936,1565559.4764516712,50.42
2022-03,2022,3,8,1206635.5099184732,804003.488009228,66.63
2022-03,2022,3,11,3763048.36542525,1226789.89242973,32.6
2022-03,2022,3,13,899358.771530504,669232.223921213,74.41
2022-03,2022,3,15,568435.216888867,406910.018590143,71.58
2022-03,2022,3,17,436209.399933033,210387.191974217,48.23
2022-03,2022,3,18,162330.394408237,124969.933319999,76.98
2022-03,2022,3,19,582013.3344383009,450302.719550016,77.37
2022-03,2022,3,20,467948.900373944,337680.01779356,72.16
2022-03,2022,3,23,791950.4734679479,644481.184202028,81.38
2022-03,2022,3,25,1374601.658718268,613357.639623104,44.62
2022-03,2022,3,27,176009.30004486302,138931.27545787,78.93
2022-03,2022,3,41,441824.449155601,316216.544665477,71.57
2022-03,2022,3,44,394830.976697636,349606.11842879397,88.55
2022-03,2022,3,47,565270.008014035,447785.67144048295,79.22
2022-03,2022,3,50,499189.02247744903,340717.614511326,68.25
2022-03,2022,3,52,877423.030285354,722179.180631326,82.31
2022-03,2022,3,54,651857.7937092801,471798.84162728,72.38
2022-03,2022,3,63,239020.465888464,132494.041051333,55.43
2022-03,2022,3,66,393247.480023641,193379.816971128,49.18
2022-03,2022,3,68,983067.960117285,537058.999214323,54.63
2022-03,2022,3,70,392064.297431919,334198.476967516,85.24
2022-03,2022,3,73,544299.00988273,383925.79596665,70.54
2022-03,2022,3,76,1962430.8793736747,1096049.931337649,55.85
2022-03,2022,3,81,27560.595609662996,19997.807121739,72.56
2022-03,2022,3,85,78066.02771960999,44853.880714579995,57.46
2022-03,2022,3,86,16396.058471173998,6252.267069474001,38.13
2022-03,2022,3,88,22752.939376749,6171.742113704,27.13
2022-03,2022,3,91,14489.203505374002,7380.2344158569995,50.94
2022-03,2022,3,94,8067.974490553,4331.5989863,53.69
2022-03,2022,3,95,24282.316517671003,17399.632816462,71.66
2022-03,2022,3,97,3896.3569287573,1703.5673105175,43.72
2022-03,2022,3,99,6214.254436999001,4348.230454145,69.97
2022-04,2022,4,5,3198555.97036592,1587249.5226798689,49.62
2022-04,2022,4,8,1236695.869300951,818173.0923254839,66.16
2022-04,2022,4,11,3852233.68193877,1151222.15283105,29.88
2022-04,2022,4,13,860128.6072948779,591537.82645218,68.77
2022-04,2022,4,15,577962.3229468609,345173.860649092,59.72
2022-04,2022,4,17,426839.575909946,211470.413085698,49.54
2022-04,2022,4,18,170908.45625253598,129422.569227228,75.73
2022-04,2022,4,19,644410.013906575,497044.173704512,77.13
2022-04,2022,4,20,499797.67821674596,370535.93927834905,74.14
2022-04,2022,4,23,800023.443885255,619012.122060506,77.37
2022-04,2022,4,25,1426902.628610726,666587.572912463,46.72
2022-04,2022,4,27,137389.182128881,95488.003638529,69.5
2022-04,2022,4,41,435367.37463389896,311133.33417747,71.46
2022-04,2022,4,44,345726.9343998149,299931.42239346995,86.75
2022-04,2022,4,47,579551.071312285,449008.491177037,77.48
2022-04,2022,4,50,454767.4941191021,281044.248144499,61.8
2022-04,2022,4,52,881345.0988362089,708763.835772282,80.42
2022-04,2022,4,54,700730.098508388,536965.29154664,76.63
2022-04,2022,4,63,238243.480416806,135363.281189031,56.82
2022-04,2022,4,66,393044.231515339,205155.14585575898,52.2
2022-04,2022,4,68,978078.7037611699,593972.16463197,60.73
2022-04,2022,4,70,403876.0091153539,346722.56634901604,85.85
2022-04,2022,4,73,517266.17700406,359850.5136531,69.57
2022-04,2022,4,76,2004640.860968548,1105996.92760372,55.17
2022-04,2022,4,81,27670.239732187,16980.886807331,61.37
2022-04,2022,4,85,72974.28453529,40444.62850593999,55.42
2022-04,2022,4,86,13870.135889996001,5750.463623717,41.46
2022-04,2022,4,88,21229.26391182,6945.986331943999,32.72
2022-04,2022,4,91,14166.218411082,7787.784559348,54.97
2022-04,2022,4,94,8363.460883217,5364.6072171920005,64.14
2022-04,2022,4,95,23668.814918509997,18096.895473587,76.46
2022-04,2022,4,97,4107.341803777001,2056.3508091237,50.07
2022-04,2022,4,99,6860.001140265999,4709.597483083999,68.65
2022-05,2022,5,5,3093031.834051884,1384448.3789952397,44.76
2022-05,2022,5,8,1209254.768121928,704391.154119781,58.25
2022-05,2022,5,11,3874540.22307762,1305098.57308353,33.68
2022-05,2022,5,13,903045.02657008,653629.44650433,72.38
2022-05,2022,5,15,554528.850568691,343304.463386614,61.91
2022-05,2022,5,17,423147.219321754,212478.39018825602,50.21
2022-05,2022,5,18,167870.405605672,119467.91754636701,71.17
2022-05,2022,5,19,738971.901237106,601494.594669733,81.4
2022-05,2022,5,20,467310.632960227,353072.1640947991,75.55
2022-05,2022,5,23,713109.0765817179,525809.7302361759,73.73
2022-05,2022,5,25,1440852.127222098,746910.084593788,51.84
2022-05,2022,5,27,155330.21651894698,125602.95455829799,80.86
2022-05,2022,5,41,472300.52293698,335918.35145931796,71.12
2022-05,2022,5,44,418963.44307195407,365425.67239701503,87.22
2022-05,2022,5,47,580897.714242466,449204.462049072,77.33
2022-05,2022,5,50,514520.468943393,310735.103094173,60.39
2022-05,2022,5,52,869998.136001151,705401.5618504281,81.08
2022-05,2022,5,54,686181.4384733201,478015.45063999004,69.66
2022-05,2022,5,63,221873.72814916197,114449.050278399,51.58
2022-05,2022,5,66,420014.403457744,220317.967309176,52.45
2022-05,2022,5,68,1054095.138269093,606232.175502996,57.51
2022-05,2022,5,70,369941.190372603,300332.006499311,81.18
2022-05,2022,5,73,546045.271082922,368597.828014692,67.5
2022-05,2022,5,76,2086693.759303982,1069246.9387546289,51.24
2022-05,2022,5,81,29653.309589440003,15849.80336215,53.45
2022-05,2022,5,85,77515.6076169,46893.84723006999,60.5
2022-05,2022,5,86,14986.293355327998,7616.435844166001,50.82
2022-05,2022,5,88,20697.701164575,7486.694546344001,36.17
2022-05,2022,5,91,13865.388417842001,7368.432216509998,53.14
2022-05,2022,5,94,9266.892060498,6667.242572652999,71.95
2022-05,2022,5,95,24079.407063455998,18288.297130856998,75.95
2022-05,2022,5,97,4895.967869398,2320.4837505859996,47.4
2022-05,2022,5,99,7284.092685739,3720.8004326090004,51.08
2022-06,2022,6,5,3045745.537827416,1468657.8782089269,48.22
2022-06,2022,6,8,1286750.587014235,780175.243898467,60.63
2022-06,2022,6,11,3762986.23055445,1293558.55398046,34.38
2022-06,2022,6,13,882866.109826567,648223.4521838671,73.42
2022-06,2022,6,15,608780.014231055,402270.29481216305,66.08
2022-06,2022,6,17,444808.40624976397,215993.541905233,48.56
2022-06,2022,6,18,165840.51136958698,130043.40531657601,78.41
2022-06,2022,6,19,677187.036851119,532128.642393161,78.58
2022-06,2022,6,20,501410.60645515594,372314.741913073,74.25
2022-06,2022,6,23,819406.392946749,695184.811273227,84.84
2022-06,2022,6,25,1538751.2293693728,677210.5529824711,44.01
2022-06,2022,6,27,115015.198900794,91551.982821756,79.6
2022-06,2022,6,41,444918.494341354,329911.86159220804,74.15
2022-06,2022,6,44,355003.071647382,310804.745691108,87.55
2022-06,2022,6,47,592652.5889470379,466008.927401568,78.63
2022-06,2022,6,50,457296.861857592,297086.72457335,64.97
2022-06,2022,6,52,916098.499954131,735182.334089195,80.25
2022-06,2022,6,54,671397.667793,500772.30629878,74.59
2022-06,2022,6,63,234635.562405851,117638.388751162,50.14
2022-06,2022,6,66,415861.742563496,210419.771164264,50.6
2022-06,2022,6,68,968482.5760483001,568473.80993531,58.7
2022-06,2022,6,70,367603.10428214294,313944.734737706,85.4
2022-06,2022,6,73,511899.57068716,338986.87537884,66.22
2022-06,2022,6,76,2032173.870916344,1121843.9438053959,55.2
2022-06,2022,6,81,35960.970545920005,18852.476622356,52.42
2022-06,2022,6,85,78319.35211504,39526.23146522,50.47
2022-06,2022,6,86,15309.934167779,8997.993443927002,58.77
2022-06,2022,6,88,20955.411817355,7993.672856571,38.15
2022-06,2022,6,91,12891.273516169,6192.89496848,48.04
2022-06,2022,6,94,8881.400095425,6059.309830223001,68.22
2022-06,2022,6,95,20959.228671446,15683.210824794,74.83
2022-06,2022,6,97,4938.358417955,2166.437310168,43.87
2022-06,2022,6,99,6808.259649258001,3403.3026925860004,49.99
2022-07,2022,7,5,3073131.4973947257,1478188.50829243,48.1
2022-07,2022,7,8,1223761.90114801,803013.778230067,65.62
2022-07,2022,7,11,3749069.1295333197,1337161.3255460798,35.67
2022-07,2022,7,13,960732.4947652599,731934.7617318099,76.19
2022-07,2022,7,15,551713.185383402,354571.871131487,64.27
2022-07,2022,7,17,414149.578231018,212491.531563367,51.31
2022-07,2022,7,18,166287.388774812,129050.08855095699,77.61
2022-07,2022,7,19,674368.6727899199,514386.887592057,76.28
2022-07,2022,7,20,462477.239053859,372967.660661172,80.65
2022-07,2022,7,23,810423.1561343829,658311.037805934,81.23
2022-07,2022,7,25,1528414.942243069,761159.8895921339,49.8
2022-07,2022,7,27,143779.853408686,112849.779482848,78.49
2022-07,2022,7,41,458920.202284963,349507.738496905,76.16
2022-07,2022,7,44,368434.276930649,323102.531837429,87.7
2022-07,2022,7,47,594552.4905673601,449667.32972275,75.63
2022-07,2022,7,50,486935.52173681994,294431.02290103,60.47
2022-07,2022,7,52,894724.923284575,738702.737361541,82.56
2022-07,2022,7,54,719445.115791196,536230.379827366,74.53
2022-07,2022,7,63,232531.30735055,123860.66566377,53.27
2022-07,2022,7,66,412779.14731030003,195329.41574372997,47.32
2022-07,2022,7,68,1023384.4061888598,570842.05307164,55.78
2022-07,2022,7,70,388557.40474965295,322510.129348404,83.0
2022-07,2022,7,73,476027.96730967,323464.81711919,67.95
2022-07,2022,7,76,2033619.660559892,1037273.61374976,51.01
2022-07,2022,7,81,32233.317418828003,22278.457687348,69.12
2022-07,2022,7,85,81229.52610261002,44122.94179174,54.32
2022-07,2022,7,86,15604.938592016002,7768.566678584,49.78
2022-07,2022,7,88,21444.249449274997,7843.667275247,36.58
2022-07,2022,7,91,12692.267100830999,7235.048906975,57.0
2022-07,2022,7,94,9196.666590746001,6445.189205047,70.08
2022-07,2022,7,95,22188.867031152004,15033.006308423,67.75
2022-07,2022,7,97,4571.907468417,1830.379738833,40.04
2022-07,2022,7,99,7678.521916973001,4303.401367542001,56.04
2022-08,2022,8,5,3087184.229565862,1490437.429724314,48.28
2022-08,2022,8,8,1305107.102023431,840589.991905425,64.41
2022-08,2022,8,11,3828732.05859708,1157037.55088729,30.22
2022-08,2022,8,13,960956.5965117051,720657.561034285,74.99
2022-08,2022,8,15,605789.7877207501,415942.27962331695,68.66
2022-08,2022,8,17,439128.45671766606,227408.953041987,51.79
2022-08,2022,8,18,120505.71149702999,88002.409179571,73.03
2022-08,2022,8,19,599399.6868856039,458134.38123548497,76.43
2022-08,2022,8,20,478301.6888379,338629.40509482,70.8
2022-08,2022,8,23,738874.4249198199,596612.099279811,80.75
2022-08,2022,8,25,1467288.323311234,682296.345131074,46.5
2022-08,2022,8,27,135597.263621757,90504.91100598002,66.75
2022-08,2022,8,41,461822.82250117196,352279.55100443796,76.28
2022-08,2022,8,44,425781.69463075197,371231.023359803,87.19
2022-08,2022,8,47,596556.761621622,446411.04118823097,74.83
2022-08,2022,8,50,473617.33117421,283530.83549709,59.86
2022-08,2022,8,52,945613.4445732229,805220.0693417571,85.15
2022-08,2022,8,54,672076.853589896,520968.605426286,77.52
2022-08,2022,8,63,237043.292125643,133342.65064621,56.25
2022-08,2022,8,66,417804.005887512,197020.25097554998,47.16
2022-08,2022,8,68,1006347.488872806,584347.417803306,58.07
2022-08,2022,8,70,407617.97116336506,347660.42869485996,85.29
2022-08,2022,8,73,493381.495867765,327682.81962844497,66.42
2022-08,2022,8,76,2053452.909931581,1112479.0264674071,54.18
2022-08,2022,8,81,29602.097570561004,17748.211830005002,59.96
2022-08,2022,8,85,77408.325084368,41080.607781038,53.07
2022-08,2022,8,86,13817.724280097998,7755.352568119999,56.13
2022-08,2022,8,88,22118.451794589,6847.051753651,30.96
2022-08,2022,8,91,13720.077240209,8274.351420512001,60.31
2022-08,2022,8,94,10207.733756597001,7907.783691620002,77.47
2022-08,2022,8,95,22163.915510589002,12962.434167676001,58.48
2022-08,2022,8,97,5509.351396582999,2354.6486650179995,42.74
2022-08,2022,8,99,7473.545177608999,4232.357226856,56.63
2022-09,2022,9,5,3110746.15566913,1484533.02468511,47.72
2022-09,2022,9,8,1260564.674393001,775719.62994167,61.54
2022-09,2022,9,11,4007580.1314075403,1471664.88972724,36.72
2022-09,2022,9,13,1001682.4469210301,775983.64719086,77.47
2022-09,2022,9,15,551445.884194211,369009.148308116,66.92
2022-09,2022,9,17,452790.164853057,213427.23258776398,47.14
2022-09,2022,9,18,175315.351837905,133180.854640369,75.97
2022-09,2022,9,19,690998.950882538,566068.084760359,81.92
2022-09,2022,9,20,472576.008983525,348288.474834325,73.7
2022-09,2022,9,23,708131.606235906,555510.962683683,78.45
2022-09,2022,9,25,1508633.579295635,802478.059451851,53.19
2022-09,2022,9,27,153230.126480895,122063.36923724701,79.66
2022-09,2022,9,41,474706.6385601631,356061.648749796,75.01
2022-09,2022,9,44,376029.33021946193,323153.60627286904,85.94
2022-09,2022,9,47,614664.135016958,504095.422696,82.01
2022-09,2022,9,50,532513.454226224,346132.477322724,65.0
2022-09,2022,9,52,939365.215918519,785626.496503056,83.63
2022-09,2022,9,54,638862.42432427,476813.30103681,74.63
2022-09,2022,9,63,228963.629701838,122223.84937350199,53.38
2022-09,2022,9,66,430063.90024525695,209570.621224441,48.73
2022-09,2022,9,68,977577.5627392381,575211.06018117,58.84
2022-09,2022,9,70,407029.913910976,340436.12852023996,83.64
2022-09,2022,9,73,491381.99447618995,314013.08658025,63.9
2022-09,2022,9,76,1991044.312207228,1015407.578428627,51.0
2022-09,2022,9,81,28753.0712204,16452.72466424,57.22
2022-09,2022,9,85,70793.33709993999,31672.182191729993,44.74
2022-09,2022,9,86,13178.901612785,6904.241231368,52.39
2022-09,2022,9,88,20938.53768922,6345.3306901860005,30.3
2022-09,2022,9,91,15211.422708476,8644.644231196,56.83
2022-09,2022,9,94,8920.545188181,6894.867843856,77.29
2022-09,2022,9,95,23312.85913004,14135.824456638999,60.64
2022-09,2022,9,97,4948.4865097724005,2174.5288858588,43.94
2022-09,2022,9,99,7378.783747645001,4545.44482689,61.6
2022-10,2022,10,5,3209046.419154539,1450931.795266507,45.21
2022-10,2022,10,8,1227337.241168166,831028.7279917371,67.71
2022-10,2022,10,11,3849926.7663946804,1321974.04148303,34.34
2022-10,2022,10,13,1049082.56586322,815404.94451472,77.73
2022-10,2022,10,15,580249.6153344391,313327.64525056595,54.0
2022-10,2022,10,17,445309.343419876,238088.64952217898,53.47
2022-10,2022,10,18,158778.445869333,120493.434142477,75.89
2022-10,2022,10,19,643761.1487737229,502263.287305386,78.02
2022-10,2022,10,20,496292.470314955,365387.090766043,73.62
2022-10,2022,10,23,726799.9729048309,578061.041901157,79.54
2022-10,2022,10,25,1587598.343884615,764312.3458135051,48.14
2022-10,2022,10,27,159174.37473356497,114477.623921016,71.92
2022-10,2022,10,41,445088.96766455995,330580.017369132,74.27
2022-10,2022,10,44,410624.64909710403,363848.920101688,88.61
2022-10,2022,10,47,623452.089251204,495385.26456683496,79.46
2022-10,2022,10,50,518784.754247928,341327.50938615797,65.79
2022-10,2022,10,52,911849.008587775,772091.1759141041,84.67
2022-10,2022,10,54,672118.2705113001,483183.62389471,71.89
2022-10,2022,10,63,238589.991585307,124482.423585968,52.17
2022-10,2022,10,66,448826.479688428,221800.73158014,49.42
2022-10,2022,10,68,965195.41812472,528019.3729323801,54.71
2022-10,2022,10,70,380224.397312638,323552.167893808,85.1
2022-10,2022,10,73,501883.50204377004,361764.90177626,72.08
2022-10,2022,10,76,2152792.091926593,1191208.2284278478,55.33
2022-10,2022,10,81,29562.772079713002,18877.165320783002,63.85
2022-10,2022,10,85,80722.57281315999,46930.61944004,58.14
2022-10,2022,10,86,14302.561060659998,5363.456019121,37.5
2022-10,2022,10,88,20756.865211826,6779.204704851,32.66
2022-10,2022,10,91,14119.047577356,8300.354780530997,58.79
2022-10,2022,10,94,8837.70870202,6632.873776163001,75.05
2022-10,2022,10,95,23020.261660488002,15394.287776153,66.87
2022-10,2022,10,97,4432.7189601447,2066.4466726969004,46.62
2022-10,2022,10,99,7509.380302272,4663.901619618001,62.11
2022-11,2022,11,5,3151864.4706594464,1558051.7302390179,49.43
2022-11,2022,11,8,1235792.403749531,767524.618357408,62.11
2022-11,2022,11,11,3978067.07735239,1214278.2809255999,30.52
2022-11,2022,11,13,974037.781449495,725521.9875338529,74.49
2022-11,2022,11,15,516846.56170334696,315798.459150502,61.1
2022-11,2022,11,17,449172.339044004,228912.116568049,50.96
2022-11,2022,11,18,163900.49915777802,134527.93438174803,82.08
2022-11,2022,11,19,647438.9951698739,515107.63708075904,79.56
2022-11,2022,11,20,500495.11840611004,374183.54271380004,74.76
2022-11,2022,11,23,739617.088211757,646220.24780342,87.37
2022-11,2022,11,25,1499308.435855699,752610.112222081,50.2
2022-11,2022,11,27,106903.90610133,88184.05867311399,82.49
2022-11,2022,11,41,457528.440828892,353276.79818720004,77.21
2022-11,2022,11,44,403068.522970006,345181.777618567,85.64
2022-11,2022,11,47,589063.6048411949,459685.330504044,78.04
2022-11,2022,11,50,497686.663874958,297073.060243188,59.69
2022-11,2022,11,52,897793.2820042981,721774.8664210971,80.39
2022-11,2022,11,54,704884.26490032,499375.51505309,70.85
2022-11,2022,11,63,223179.510332037,116283.39193026899,52.1
2022-11,2022,11,66,440373.75202254695,222953.499337852,50.63
2022-11,2022,11,68,1114025.400541651,624874.035523771,56.09
2022-11,2022,11,70,383539.06063783204,318125.805829669,82.94
2022-11,2022,11,73,566603.063824441,409943.275062141,72.35
2022-11,2022,11,76,2039206.101909195,1116668.04698232,54.76
2022-11,2022,11,81,28375.148604267,15673.319160536,55.24
2022-11,2022,11,85,81721.99681768,49196.138024910004,60.2
2022-11,2022,11,86,16096.750005478,10623.171256452,66.0
2022-11,2022,11,88,21662.426496751003,7436.774413329998,34.33
2022-11,2022,11,91,14896.408701712,9060.314899678002,60.82
2022-11,2022,11,94,9322.280669161002,6753.823506682001,72.45
2022-11,2022,11,95,22951.543002742,14173.396622522,61.75
2022-11,2022,11,97,4135.1138593579,1566.1416630099002,37.87
2022-11,2022,11,99,6717.505585867,4655.159022124,69.3
2022-12,2022,12,5,3178471.277084793,1490336.815049766,46.89
2022-12,2022,12,8,1300032.063180347,848804.441189633,65.29
2022-12,2022,12,11,3850396.52674521,1256284.83912902,32.63
2022-12,2022,12,13,902250.8236531499,655463.4630957199,72.65
2022-12,2022,12,15,564863.686443334,339521.56099515903,60.11
2022-12,2022,12,17,469761.06842503796,240897.225899112,51.28
2022-12,2022,12,18,161984.27675955,131899.144825889,81.43
2022-12,2022,12,19,549681.2491336251,419658.62061706604,76.35
2022-12,2022,12,20,514438.690129612,366274.40269499505,71.2
2022-12,2022,12,23,819424.8749461111,702815.5795976829,85.77
2022-12,2022,12,25,1648223.4796253701,785621.294724715,47.66
2022-12,2022,12,27,144976.133648329,117304.528904457,80.91
2022-12,2022,12,41,436389.33112674503,338683.287622076,77.61
2022-12,2022,12,44,326311.785364569,283528.434914405,86.89
2022-12,2022,12,47,603749.3916318079,461871.392164825,76.5
2022-12,2022,12,50,465271.975106094,299828.246224012,64.44
2022-12,2022,12,52,898790.175513364,744143.792306202,82.79
2022-12,2022,12,54,680033.7498034199,509040.52364435,74.86
2022-12,2022,12,63,226409.740175566,119435.72491284701,52.75
2022-12,2022,12,66,432346.68985609803,213897.074989593,49.47
2022-12,2022,12,68,1073287.95823218,642674.4660189601,59.88
2022-12,2022,12,70,347747.123066493,282933.502841635,81.36
2022-12,2022,12,73,571751.4242714499,390486.85282986,68.3
2022-12,2022,12,76,2092451.1245926642,1149130.930102142,54.92
2022-12,2022,12,81,33040.700776038,23009.618226498,69.64
2022-12,2022,12,85,83793.47049939,41364.665882019995,49.37
2022-12,2022,12,86,15921.536537458,9791.292627011,61.5
2022-12,2022,12,88,20701.909614257,6567.2247301259995,31.72
2022-12,2022,12,91,13629.630712611,8658.502919475002,63.53
2022-12,2022,12,94,8326.762623992,6162.360209816999,74.01
2022-12,2022,12,95,22624.415797633,15901.826127379,70.29
2022-12,2022,12,97,4229.838180394,2178.9837321610007,51.51
2022-12,2022,12,99,6837.2469687679995,4159.881674073001,60.84
2023-01,2023,1,5,3047931.8044067128,1420930.945505816,46.62
2023-01,2023,1,8,1197067.248942426,740948.0724231191,61.9
2023-01,2023,1,11,3690781.98355358,1148198.78881217,31.11
2023-01,2023,1,13,963319.3188579798,749789.9912713801,77.83
2023-01,2023,1,15,523718.818137803,316956.24894942297,60.52
2023-01,2023,1,17,440949.289259018,205823.24466699304,46.68
2023-01,2023,1,18,155109.104092498,128486.59924741201,82.84
2023-01,2023,1,19,665824.0679803159,565310.015144687,84.9
2023-01,2023,1,20,479394.599620071,350939.95015283104,73.2
2023-01,2023,1,23,751204.699934263,603453.176619297,80.33
2023-01,2023,1,25,1475825.9045699132,689677.61399104,46.73
2023-01,2023,1,27,122245.579980646,95506.89874961702,78.13
2023-01,2023,1,41,476892.499582657,342112.227898588,71.74
2023-01,2023,1,44,309592.425110289,248104.62559067702,80.14
2023-01,2023,1,47,568960.178730133,419075.461665058,73.66
2023-01,2023,1,50,447101.73361587,268151.1420843,59.98
2023-01,2023,1,52,819700.1231049299,709369.278410306,86.54
2023-01,2023,1,54,677614.50816818,484726.26206638996,71.53
2023-01,2023,1,63,228107.54634119698,124587.323654544,54.62
2023-01,2023,1,66,429225.350913206,244696.169232957,57.01
2023-01,2023,1,68,1020741.769461656,596656.73724385,58.45
2023-01,2023,1,70,336910.7977082579,279896.30904119904,83.08
2023-01,2023,1,73,536792.94554534,369627.3754515799,68.86
2023-01,2023,1,76,1930032.624291857,1117290.5878996341,57.89
2023-01,2023,1,81,29038.034982868998,18747.342243540996,64.56
2023-01,2023,1,85,78219.18093633,40720.20363332001,52.06
2023-01,2023,1,86,15268.599367666997,8121.273924767999,53.19
2023-01,2023,1,88,20131.844819286,6704.677889843,33.3
2023-01,2023,1,91,12593.275363702,8282.828131289001,65.77
2023-01,2023,1,94,8934.971759171,6398.380414771,71.61
2023-01,2023,1,95,21677.995822793,16017.520821202,73.89
2023-01,2023,1,97,3588.324419459,1644.9596973609998,45.84
2023-01,2023,1,99,7069.227674021,5002.508521224998,70.76
2023-02,2023,2,5,3102911.976532427,1594255.4232507301,51.38
2023-02,2023,2,8,1202151.748496911,770388.678880876,64.08
2023-02,2023,2,11,3889168.5981191304,1368977.81224555,35.2
2023-02,2023,2,13,953997.0750015631,740779.090024323,77.65
2023-02,2023,2,15,496898.37461159204,321862.388666749,64.77
2023-02,2023,2,17,441568.944986854,225009.119813854,50.96
2023-02,2023,2,18,163235.62424849102,126442.939299911,77.46
2023-02,2023,2,19,692910.305640528,561393.228623395,81.02
2023-02,2023,2,20,492030.6865793051,359345.66755121795,73.03
2023-02,2023,2,23,839341.338165512,643080.656982596,76.62
2023-02,2023,2,25,1507555.8935828218,737070.946879402,48.89
2023-02,2023,2,27,109572.442555299,83890.20305716399,76.56
2023-02,2023,2,41,442989.174246101,324098.212561784,73.16
2023-02,2023,2,44,383903.362572626,346733.471168671,90.32
2023-02,2023,2,47,598584.852830694,466940.11584344995,78.01
2023-02,2023,2,50,505969.51556146,322269.4618765,63.69
2023-02,2023,2,52,940852.27418414,818701.5105459769,87.02
2023-02,2023,2,54,693541.39596722,511789.29366152,73.79
2023-02,2023,2,63,223723.64671318902,124003.75035019299,55.43
2023-02,2023,2,66,414787.29342495906,200964.06234562903,48.45
2023-02,2023,2,68,998987.5675666489,549544.152665731,55.01
2023-02,2023,2,70,352969.455554534,291196.124613588,82.5
2023-02,2023,2,73,542860.406433574,359086.548297644,66.15
2023-02,2023,2,76,2042411.806216964,1041415.517937839,50.99
2023-02,2023,2,81,29009.080207637002,20070.832092318,69.19
2023-02,2023,2,85,79597.98834449999,42118.41344230999,52.91
2023-02,2023,2,86,14271.945295947,7359.419788412,51.57
2023-02,2023,2,88,19602.958696372003,5069.8374483319985,25.86
2023-02,2023,2,91,14834.596779577998,10122.453211245002,68.24
2023-02,2023,2,94,8645.316126452999,6370.091485335999,73.68
2023-02,2023,2,95,22675.549150454,15200.175146374,67.03
2023-02,2023,2,97,3848.955407982,1771.5124062010002,46.03
2023-02,2023,2,99,7280.134614682,4808.1059535740005,66.04
2023-03,2023,3,5,3240693.354060569,1694475.4070430738,52.29
2023-03,2023,3,8,1289714.384294094,839765.7639582941,65.11
2023-03,2023,3,11,4060861.1178980498,1285583.21141484,31.66
2023-03,2023,3,13,975299.97028019,768465.7462599099,78.79
2023-03,2023,3,15,576319.814008761,358813.44079867005,62.26
2023-03,2023,3,17,438270.712484792,219813.05496253603,50.15
2023-03,2023,3,18,158964.881137047,127725.0326415,80.35
2023-03,2023,3,19,709768.250634349,570268.824002538,80.35
2023-03,2023,3,20,488038.096028227,350431.320996859,71.8
2023-03,2023,3,23,809100.9817047,653486.06183792,80.77
2023-03,2023,3,25,1517294.656757869,635290.4144222119,41.87
2023-03,2023,3,27,121333.3021008,88876.75634893999,73.25
2023-03,2023,3,41,438732.800724298,328445.11694009905,74.86
2023-03,2023,3,44,419116.07204338396,365478.861099234,87.2
2023-03,2023,3,47,628235.654484146,507790.14179965603,80.83
2023-03,2023,3,50,496723.29781986505,317925.98622095597,64.0
2023-03,2023,3,52,924310.5434053501,759827.7047863281,82.2
2023-03,2023,3,54,677775.4110316699,479107.4889162,70.69
2023-03,2023,3,63,217946.73994753702,106277.17055654999,48.76
2023-03,2023,3,66,420573.094493011,197481.551321132,46.96
2023-03,2023,3,68,1067540.5177704152,618718.987685565,57.96
2023-03,2023,3,70,348181.924269387,289163.277492702,83.05
2023-03,2023,3,73,538126.45399693,392473.61390457,72.93
2023-03,2023,3,76,2027839.0060467348,1167895.787448879,57.59
2023-03,2023,3,81,29725.889377041003,21924.827406647004,73.76
2023-03,2023,3,85,80754.72419933,42233.78907163,52.3
2023-03,2023,3,86,14953.444364117,5798.990437916001,38.78
2023-03,2023,3,88,19562.657072462,5787.486372025999,29.58
2023-03,2023,3,91,14001.581394937999,9719.463015803998,69.42
2023-03,2023,3,94,9200.17535551,6450.694826383001,70.11
2023-03,2023,3,95,23216.497637593,14495.868960848002,62.44
2023-03,2023,3,97,4245.656931641999,1365.7079471870002,32.17
2023-03,2023,3,99,7277.229253748,3762.248547061,51.7
2023-04,2023,4,5,3283848.02879595,1535310.34222737,46.75
2023-04,2023,4,8,1290995.4826410469,797845.78655812,61.8
2023-04,2023,4,11,3936677.37825531,1248801.7071255501,31.72
2023-04,2023,4,13,1010787.7831291799,756768.61922142,74.87
2023-04,2023,4,15,560647.641731163,335068.490586711,59.76
2023-04,2023,4,17,440199.985858866,226511.17928434,51.46
2023-04,2023,4,18,169408.923921852,133809.14947898,78.99
2023-04,2023,4,19,693843.40972848,516604.70382930303,74.46
2023-04,2023,4,20,450927.57932907296,327918.669415192,72.72
2023-04,2023,4,23,848821.1806588221,690819.904272308,81.39
2023-04,2023,4,25,1487947.548193637,601150.29244728,40.4
2023-04,2023,4,27,134532.363324793,108779.067874216,80.86
2023-04,2023,4,41,474490.44878909696,347218.489821356,73.18
2023-04,2023,4,44,379132.798539697,326851.751811108,86.21
2023-04,2023,4,47,585562.10085066,430983.32182724995,73.6
2023-04,2023,4,50,519662.317759236,310900.76378032507,59.83
2023-04,2023,4,52,904382.172134595,716707.742930243,79.25
2023-04,2023,4,54,650805.89487342,450748.53192468,69.26
2023-04,2023,4,63,231023.444040799,119944.484518435,51.92
2023-04,2023,4,66,451935.14710187,238792.618348838,52.84
2023-04,2023,4,68,1035784.843604934,594592.634143474,57.41
2023-04,2023,4,70,391630.662533827,331971.294986626,84.77
2023-04,2023,4,73,525380.41693475,356512.70948185003,67.86
2023-04,2023,4,76,2073787.475163851,1115138.511302457,53.77
2023-04,2023,4,81,31218.815917629996,21034.436663832,67.38
2023-04,2023,4,85,85376.15742911001,46599.635088170005,54.58
2023-04,2023,4,86,13925.629305220999,7639.83927688,54.86
2023-04,2023,4,88,20836.061705132,7329.3063208759995,35.18
2023-04,2023,4,91,14800.910755084002,8496.901857339,57.41
2023-04,2023,4,94,8691.764610797001,5799.5085774770005,66.72
2023-04,2023,4,95,22744.428477872,14779.260876022,64.98
2023-04,2023,4,97,4957.582060744099,2080.9686594501,41.98
2023-04,2023,4,99,7190.989461065999,3739.49853704,52.0
2023-05,2023,5,5,3121963.5113889556,1325179.92311053,42.45
2023-05,2023,5,8,1211019.284180771,735843.135605165,60.76
2023-05,2023,5,11,3957443.23632377,1251737.9879330301,31.63
2023-05,2023,5,13,1008442.1954841779,737562.291293948,73.14
2023-05,2023,5,15,596202.308452904,412208.50788652396,69.14
2023-05,2023,5,17,427374.339486748,215116.66223802502,50.33
2023-05,2023,5,18,162699.415997062,129330.66510753601,79.49
2023-05,2023,5,19,713969.487839035,593910.393290848,83.18
2023-05,2023,5,20,511707.55719157995,380651.88209449,74.39
2023-05,2023,5,23,790647.251746428,622870.2546477821,78.78
2023-05,2023,5,25,1589174.9421964958,620993.327578696,39.08
2023-05,2023,5,27,116856.61083448601,93957.559559055,80.4
2023-05,2023,5,41,454144.45140631695,335916.43552725,73.97
2023-05,2023,5,44,368091.10967846797,305504.309805396,83.0
2023-05,2023,5,47,609438.067000427,478947.69079576,78.59
2023-05,2023,5,50,506972.66270358,283704.39866827,55.96
2023-05,2023,5,52,874943.326808314,726356.1071373099,83.02
2023-05,2023,5,54,679726.5702118201,461911.37664466,67.96
2023-05,2023,5,63,209807.67380025203,110567.89164760799,52.7
2023-05,2023,5,66,418903.825224226,213758.582081149,51.03
2023-05,2023,5,68,1087154.005946031,640425.5817166709,58.91
2023-05,2023,5,70,372547.437285646,301493.787929878,80.93
2023-05,2023,5,73,579518.36765452,392462.71346075,67.72
2023-05,2023,5,76,2000218.806660315,1017645.7745834742,50.88
2023-05,2023,5,81,30191.732719006002,21470.894790237,71.12
2023-05,2023,5,85,75418.40969883,45234.28579788,59.98
2023-05,2023,5,86,14433.927185233,5541.7569181809995,38.39
2023-05,2023,5,88,20592.877593758996,6043.344293316999,29.35
2023-05,2023,5,91,14417.60208199,8738.528537293001,60.61
2023-05,2023,5,94,9306.195998994,5782.6054284,62.14
2023-05,2023,5,95,22892.184841359005,14857.477806444002,64.9
2023-05,2023,5,97,4426.017317309999,1649.839179577,37.28
2023-05,2023,5,99,6806.966268197,4523.989094135,66.46
2023-06,2023,6,5,3348402.295882526,1528601.044533081,45.65
2023-06,2023,6,8,1316027.619643892,761269.270067636,57.85
2023-06,2023,6,11,4125916.0799952997,1293919.09479192,31.36
2023-06,2023,6,13,980455.79963672,678008.0505849199,69.15
2023-06,2023,6,15,591328.949184112,371956.63741345506,62.9
2023-06,2023,6,17,447955.33373536594,213933.55984712497,47.76
2023-06,2023,6,18,168473.301443319,130377.349473053,77.39
2023-06,2023,6,19,653839.220173389,530174.675538646,81.09
2023-06,2023,6,20,499462.33607052395,353232.48652460705,70.72
2023-06,2023,6,23,794969.1162390261,631029.609997012,79.38
2023-06,2023,6,25,1515934.2142515578,693434.4752376031,45.74
2023-06,2023,6,27,104277.62342547899,82276.542931706,78.9
2023-06,2023,6,41,454086.007182248,323783.94898307,71.3
2023-06,2023,6,44,352742.19927125203,294442.881852397,83.47
2023-06,2023,6,47,621927.235543495,467730.427603136,75.21
2023-06,2023,6,50,474251.48414854,304718.033186751,64.25
2023-06,2023,6,52,935628.936615831,770023.127008306,82.3
2023-06,2023,6,54,684174.76083283,501721.80929345,73.33
2023-06,2023,6,63,219380.088320011,113520.211066873,51.75
2023-06,2023,6,66,433763.99055613694,205771.058992448,47.44
2023-06,2023,6,68,1088775.694818968,627589.2567425941,57.64
2023-06,2023,6,70,373342.992604594,305916.821470545,81.94
2023-06,2023,6,73,506498.51890826994,324748.08745572,64.12
2023-06,2023,6,76,2154568.3009255566,1124648.90910949,52.2
2023-06,2023,6,81,31370.592186744005,18890.218039924002,60.22
2023-06,2023,6,85,82789.59470198999,43618.257789229996,52.69
2023-06,2023,6,86,13735.797942341002,9127.087583779,66.45
2023-06,2023,6,88,19491.191879548,6538.239781446,33.54
2023-06,2023,6,91,14766.694736867,8048.423370584001,54.5
2023-06,2023,6,94,9278.334616533,6943.227924527,74.83
2023-06,2023,6,95,22109.546111206,15653.334349294,70.8
2023-06,2023,6,97,5264.276674371,2315.512021684,43.99
2023-06,2023,6,99,7267.6893546579995,4753.957458713,65.41
2023-07,2023,7,5,3358570.7046679268,1482502.6361495699,44.14
2023-07,2023,7,8,1249806.322467252,774265.8293963671,61.95
2023-07,2023,7,11,4178244.2154968996,1308280.8902096301,31.31
2023-07,2023,7,13,996940.8021526979,758633.231887928,76.1
2023-07,2023,7,15,535809.913802278,333390.524975145,62.22
2023-07,2023,7,17,446270.30297690403,219899.741581342,49.28
2023-07,2023,7,18,172419.346723361,137850.60006941902,79.95
2023-07,2023,7,19,648112.530110015,489424.9087020401,75.52
2023-07,2023,7,20,504100.28074170405,403222.312083664,79.99
2023-07,2023,7,23,808951.845177282,629887.3837894541,77.86
2023-07,2023,7,25,1585681.5022614528,711359.452246129,44.86
2023-07,2023,7,27,122665.29385295502,94103.336931322,76.72
2023-07,2023,7,41,475918.1432483861,365688.398236726,76.84
2023-07,2023,7,44,336103.26405008405,260552.32276097898,77.52
2023-07,2023,7,47,624516.79806914,448287.85957828,71.78
2023-07,2023,7,50,521898.87781185994,339452.45729139,65.04
2023-07,2023,7,52,930586.3282988849,804240.133658806,86.42
2023-07,2023,7,54,689983.45337536,508436.42749280005,73.69
2023-07,2023,7,63,216410.608847639,120727.004730256,55.79
2023-07,2023,7,66,441080.381842452,214735.632734755,48.68
2023-07,2023,7,68,1105021.7273591398,603675.8845690021,54.63
2023-07,2023,7,70,383046.600083941,329305.341157799,85.97
2023-07,2023,7,73,535772.43866995,368909.72078455996,68.86
2023-07,2023,7,76,2101125.117155405,1063878.788593396,50.63
2023-07,2023,7,81,35251.904525472004,26202.464072304,74.33
2023-07,2023,7,85,84998.36860734,46864.393227110006,55.14
2023-07,2023,7,86,13471.067177202998,7237.129307894999,53.72
2023-07,2023,7,88,19593.374774973,5488.1982625830005,28.01
2023-07,2023,7,91,14240.072884318999,7282.446023973,51.14
2023-07,2023,7,94,8690.893342257,6101.615867521,70.21
2023-07,2023,7,95,23078.178797451998,15083.273183797,65.36
2023-07,2023,7,97,5372.793935172,2368.859576208,44.09
2023-07,2023,7,99,8059.804069897,4927.099004240001,61.13
2023-08,2023,8,5,3303647.763671906,1648230.4999810779,49.89
2023-08,2023,8,8,1314684.001109283,808580.801128536,61.5
2023-08,2023,8,11,4117852.24988798,1269228.09937134,30.82
2023-08,2023,8,13,1082809.5767628402,816151.27930501,75.37
2023-08,2023,8,15,564380.3866812111,403454.172232609,71.49
2023-08,2023,8,17,467130.28780616703,254972.36833094398,54.58
2023-08,2023,8,18,153382.85651473,117131.36967710499,76.37
2023-08,2023,8,19,670379.2619795441,511100.19780912105,76.24
2023-08,2023,8,20,491099.3866408,354081.46163753,72.1
2023-08,2023,8,23,813443.470752279,634180.874071265,77.96
2023-08,2023,8,25,1601415.621599539,658194.784210122,41.1
2023-08,2023,8,27,136425.693521497,95522.142448728,70.02
2023-08,2023,8,41,466031.851544573,355681.77047898696,76.32
2023-08,2023,8,44,311779.826591682,248656.884279237,79.75
2023-08,2023,8,47,621610.6562253099,491367.88100181,79.05
2023-08,2023,8,50,474477.40213522,281139.74143778,59.25
2023-08,2023,8,52,934358.2898682649,782156.404948917,83.71
2023-08,2023,8,54,691662.69842631,498515.99332547997,72.08
2023-08,2023,8,63,236455.257599897,133735.49990154098,56.56
2023-08,2023,8,66,423058.06961932697,205780.038509182,48.64
2023-08,2023,8,68,1020587.2086773401,571672.2047530601,56.01
2023-08,2023,8,70,399424.886571944,329338.899375984,82.45
2023-08,2023,8,73,573526.09844278,375422.67178822996,65.46
2023-08,2023,8,76,2085961.1229068981,1004717.848474432,48.17
2023-08,2023,8,81,32116.721828554,18043.586168512,56.18
2023-08,2023,8,85,81443.44759552,48717.42687666,59.82
2023-08,2023,8,86,13145.532827792997,7408.586368039,56.36
2023-08,2023,8,88,19522.772543173,4259.573285998,21.82
2023-08,2023,8,91,14844.78213721,9687.935579357996,65.26
2023-08,2023,8,94,9399.828702157,7933.619275626,84.4
2023-08,2023,8,95,22396.375679705998,15468.939474748002,69.07
2023-08,2023,8,97,5328.837193592401,2505.4015768707004,47.02
2023-08,2023,8,99,7293.330737437001,4758.517149788,65.24
2023-09,2023,9,5,3171060.403029659,1438629.6662704502,45.37
2023-09,2023,9,8,1322070.626289381,775292.155053447,58.64
2023-09,2023,9,11,4163564.4205033598,1317627.43209991,31.65
2023-09,2023,9,13,1000608.832616603,743873.9404559929,74.34
2023-09,2023,9,15,547148.934791548,349679.486763003,63.91
2023-09,2023,9,17,466944.21828813,221218.135319572,47.38
2023-09,2023,9,18,173048.361634096,140193.37315486,81.01
2023-09,2023,9,19,659529.3987525671,522047.91792796,79.15
2023-09,2023,9,20,546732.474802775,415489.780485907,76.0
2023-09,2023,9,23,742815.5111222011,587714.5673920659,79.12
2023-09,2023,9,25,1654574.107478267,680618.389919247,41.14
2023-09,2023,9,27,163527.836080804,134438.313595163,82.21
2023-09,2023,9,41,503129.441641622,391532.905403064,77.82
2023-09,2023,9,44,324084.761496095,254733.02413492498,78.6
2023-09,2023,9,47,627650.42761608,502087.23202586,79.99
2023-09,2023,9,50,517630.99817408004,319145.94512120995,61.66
2023-09,2023,9,52,907436.9056624849,748467.521576371,82.48
2023-09,2023,9,54,650671.67050778,466661.20587484003,71.72
2023-09,2023,9,63,229617.72695733001,114961.239757167,50.07
2023-09,2023,9,66,437871.780850381,232239.658893661,53.04
2023-09,2023,9,68,1074248.9310126859,649449.5738409979,60.46
2023-09,2023,9,70,414161.38377718796,328245.73451053404,79.26
2023-09,2023,9,73,505441.67990620993,318318.78033897,62.98
2023-09,2023,9,76,2091124.2327532598,1128863.313833909,53.98
2023-09,2023,9,81,32474.629619575997,15336.664180901002,47.23
2023-09,2023,9,85,84381.98617008,34703.3469654,41.13
2023-09,2023,9,86,14948.639358425999,9311.018422543002,62.29
2023-09,2023,9,88,21513.344874137998,5726.321882839,26.62
2023-09,2023,9,91,14114.091735287,10665.818955451,75.57
2023-09,2023,9,94,8769.127392159,7491.653573878,85.43
2023-09,2023,9,95,23565.530775547995,14144.210018556,60.02
2023-09,2023,9,97,4711.818571174299,1851.7279575267,39.3
2023-09,2023,9,99,7416.613811302001,5618.293377254,75.75
2023-10,2023,10,5,3353172.6139138164,1532701.28246249,45.71
2023-10,2023,10,8,1321926.950162588,803184.241539527,60.76
2023-10,2023,10,11,4197788.413820161,1375542.82596774,32.77
2023-10,2023,10,13,1020321.9228411601,742673.61152752,72.79
2023-10,2023,10,15,542153.6370258719,277844.73790759896,51.25
2023-10,2023,10,17,452205.94472907204,216956.154798808,47.98
2023-10,2023,10,18,158795.35091528,126591.966454401,79.72
2023-10,2023,10,19,665432.989428544,536725.781436875,80.66
2023-10,2023,10,20,550908.770091394,409084.74416591704,74.26
2023-10,2023,10,23,748682.881275107,578893.322586379,77.32
2023-10,2023,10,25,1554995.6103238738,616394.427183022,39.64
2023-10,2023,10,27,140542.569765572,113110.497311449,80.48
2023-10,2023,10,41,451674.808250766,344473.987750065,76.27
2023-10,2023,10,44,324477.31597756303,246332.309245161,75.92
2023-10,2023,10,47,582633.6900206499,436001.23000110005,74.83
2023-10,2023,10,50,492169.364098114,297251.06062384,60.4
2023-10,2023,10,52,892748.1793603629,750862.8178845331,84.11
2023-10,2023,10,54,640814.86637837,467088.20084077003,72.89
2023-10,2023,10,63,227800.251962344,119961.802475951,52.66
2023-10,2023,10,66,429457.501014142,203818.21227644,47.46
2023-10,2023,10,68,1042242.834737634,578883.618337434,55.54
2023-10,2023,10,70,394687.482001486,323678.041281311,82.01
2023-10,2023,10,73,568611.1363579,372895.06095191004,65.58
2023-10,2023,10,76,2110001.496963725,1039641.789176053,49.27
2023-10,2023,10,81,32335.263337719,18831.028455661,58.24
2023-10,2023,10,85,84510.90508098001,45677.06530313,54.05
2023-10,2023,10,86,14018.402485691002,7687.726312336001,54.84
2023-10,2023,10,88,19740.399959147,5075.048454425001,25.71
2023-10,2023,10,91,18631.369390016996,8972.676988010999,48.16
2023-10,2023,10,94,10824.416879228,8676.938259138,80.16
2023-10,2023,10,95,24707.660500398,14961.137438082,60.55
2023-10,2023,10,97,4926.3163022904,2182.2870595,44.3
2023-10,2023,10,99,7839.297522903,5573.9652225,71.1
2023-11,2023,11,5,3100025.6720155217,1401378.078189854,45.21
2023-11,2023,11,8,1266457.7174640042,761316.590609602,60.11
2023-11,2023,11,11,4335407.40133133,1318498.61473148,30.41
2023-11,2023,11,13,858261.02761143,596849.9796914,69.54
2023-11,2023,11,15,564169.5325251729,378895.80706336896,67.16
2023-11,2023,11,17,450411.080813669,213430.96603068098,47.39
2023-11,2023,11,18,168292.387112267,131663.91239012702,78.24
2023-11,2023,11,19,736861.713658612,575150.6450528579,78.05
2023-11,2023,11,20,531166.2015367639,358587.78406227694,67.51
2023-11,2023,11,23,789397.239726696,662468.293079877,83.92
2023-11,2023,11,25,1647516.3891618531,691929.147363378,42.0
2023-11,2023,11,27,143900.939119043,123091.49303024399,85.54
2023-11,2023,11,41,483098.75222859497,353008.92929302796,73.07
2023-11,2023,11,44,314599.209008021,242516.31789044297,77.09
2023-11,2023,11,47,596611.9318017329,471875.845527104,79.09
2023-11,2023,11,50,521831.772434293,311187.37537193194,59.63
2023-11,2023,11,52,898894.073935532,719219.700020173,80.01
2023-11,2023,11,54,678803.55047184,491473.22675563995,72.4
2023-11,2023,11,63,238523.156062402,119444.576281155,50.08
2023-11,2023,11,66,440280.594915229,222789.607724558,50.6
2023-11,2023,11,68,1190315.6702793199,684669.82935751,57.52
2023-11,2023,11,70,379695.089805935,311349.302660497,82.0
2023-11,2023,11,73,562952.48346916,369044.41170138004,65.56
2023-11,2023,11,76,2072935.702386532,1033756.476813043,49.87
2023-11,2023,11,81,33403.333149294005,18839.464159485,56.4
2023-11,2023,11,85,81995.60825636,37761.31912638001,46.05
2023-11,2023,11,86,15552.592156956001,8495.159829141998,54.62
2023-11,2023,11,88,21334.212721632,6681.987125207001,31.32
2023-11,2023,11,91,14992.398441110001,9969.896954289,66.5
2023-11,2023,11,94,10260.910680353001,8102.451925702,78.96
2023-11,2023,11,95,23925.156640602,14296.631697400999,59.76
2023-11,2023,11,97,5254.880665537999,2144.661917456999,40.81
2023-11,2023,11,99,8412.253234864,4666.093128785001,55.47
2023-12,2023,12,5,3147870.1307420405,1343257.846652192,42.67
2023-12,2023,12,8,1260212.168297371,826993.865615794,65.62
2023-12,2023,12,11,4083510.36556818,1334639.74954258,32.68
2023-12,2023,12,13,938633.7679816701,669504.7131757999,71.33
2023-12,2023,12,15,525699.325191849,263197.937962655,50.07
2023-12,2023,12,17,438366.746062214,212108.105402322,48.39
2023-12,2023,12,18,171801.986769264,138064.999192607,80.36
2023-12,2023,12,19,739231.248950274,617961.3485912341,83.6
2023-12,2023,12,20,523229.002123061,393908.3894540811,75.28
2023-12,2023,12,23,827672.991320164,675178.3700704769,81.58
2023-12,2023,12,25,1630145.386400133,663717.853114,40.72
2023-12,2023,12,27,173346.660472513,151913.603483381,87.64
2023-12,2023,12,41,470676.44243537803,349128.117296188,74.18
2023-12,2023,12,44,326203.612919335,264453.008592235,81.07
2023-12,2023,12,47,591412.0458329649,418799.700609292,70.81
2023-12,2023,12,50,526459.34310222,330650.21212933,62.81
2023-12,2023,12,52,862539.110543687,717692.0872627371,83.21
2023-12,2023,12,54,660184.38512923,489923.57886808005,74.21
2023-12,2023,12,63,251179.99868451201,141694.110382888,56.41
2023-12,2023,12,66,441207.19442581,223042.49081157,50.55
2023-12,2023,12,68,1113173.538557126,636355.692966107,57.17
2023-12,2023,12,70,371881.241990095,296512.460861217,79.73
2023-12,2023,12,73,563508.3217708501,397005.76877322997,70.45
2023-12,2023,12,76,2020612.0533208991,1055003.651980434,52.21
2023-12,2023,12,81,33491.457330209996,26348.600174159998,78.67
2023-12,2023,12,85,76294.01491130001,47605.37890385999,62.4
2023-12,2023,12,86,16447.783275989997,7687.688762383001,46.74
2023-12,2023,12,88,21088.230490821,6087.889279778,28.87
2023-12,2023,12,91,15152.397813402,10819.221425238,71.4
2023-12,2023,12,94,8710.082104912,6384.9825086910005,73.31
2023-12,2023,12,95,22757.541680736,15315.660331320001,67.3
2023-12,2023,12,97,4444.8590882714,1527.4205347904,34.36
2023-12,2023,12,99,7179.602412343,3923.160293477,54.64
2024-01,2024,1,5,3072005.8994450644,1209536.743636639,39.37
2024-01,2024,1,8,1159057.294535914,678041.239747484,58.5
2024-01,2024,1,11,4053664.79599017,1283507.3246927,31.66
2024-01,2024,1,13,949466.170164152,708052.191323662,74.57
2024-01,2024,1,15,504912.84272292897,304254.99914595496,60.26
2024-01,2024,1,17,445484.277000205,226612.49919945298,50.87
2024-01,2024,1,18,155848.81558595703,124357.32193724399,79.79
2024-01,2024,1,19,737704.105370626,633174.068703349,85.83
2024-01,2024,1,20,472035.35303898796,352522.07663752,74.68
2024-01,2024,1,23,777246.093420987,596356.381939449,76.73
2024-01,2024,1,25,1510234.898189542,679235.009878424,44.98
2024-01,2024,1,27,104458.86403681501,87054.12758881,83.34
2024-01,2024,1,41,474297.579065648,359715.44801430195,75.84
2024-01,2024,1,44,317530.039851211,255836.725180306,80.57
2024-01,2024,1,47,533269.170538555,363420.282686295,68.15
2024-01,2024,1,50,504649.69449418,297716.25902429,58.99
2024-01,2024,1,52,856534.1819478581,715361.0229740331,83.52
2024-01,2024,1,54,614685.85737511,440992.71777965996,71.74
2024-01,2024,1,63,228870.74020998,129702.19393724599,56.67
2024-01,2024,1,66,431150.509459557,218411.212226418,50.66
2024-01,2024,1,68,1037387.925220507,622062.68152711,59.96
2024-01,2024,1,70,367545.159877329,316542.77583348297,86.12
2024-01,2024,1,73,547198.48238723,374151.27051487,68.38
2024-01,2024,1,76,1971734.049898964,1117607.05716908,56.68
2024-01,2024,1,81,31737.365620522003,20405.414637192996,64.29
2024-01,2024,1,85,75651.91115639001,35056.52968039,46.34
2024-01,2024,1,86,13880.546108496997,6388.8236504980005,46.03
2024-01,2024,1,88,21427.053150783002,5480.188029676999,25.58
2024-01,2024,1,91,14992.900884483,9827.841584221998,65.55
2024-01,2024,1,94,8889.289736851,6531.662325195,73.48
2024-01,2024,1,95,20022.630475384,13425.828900701003,67.05
2024-01,2024,1,97,4265.0959909475005,2077.6392905612,48.71
2024-01,2024,1,99,6762.627695134,4085.2381738169997,60.41
2024-02,2024,2,5,3163966.4373418,1565090.309193476,49.47
2024-02,2024,2,8,1196946.391277147,709267.0154892299,59.26
2024-02,2024,2,11,4120725.1402039505,1385941.63814732,33.63
2024-02,2024,2,13,882568.24376044,611575.39597641,69.29
2024-02,2024,2,15,506560.099367394,338020.280232155,66.73
2024-02,2024,2,17,448539.634942514,223937.071107207,49.93
2024-02,2024,2,18,159770.172599121,119640.74224273601,74.88
2024-02,2024,2,19,698989.051668816,544767.65113497,77.94
2024-02,2024,2,20,486362.229434541,326600.86085923295,67.15
2024-02,2024,2,23,840762.124890575,670025.9339424139,79.69
2024-02,2024,2,25,1588983.427885916,776390.453504871,48.86
2024-02,2024,2,27,128380.942255833,105261.705949305,81.99
2024-02,2024,2,41,477557.51928834105,350849.912890878,73.47
2024-02,2024,2,44,303637.708765817,253787.885485759,83.58
2024-02,2024,2,47,583463.450710419,448085.55997885903,76.8
2024-02,2024,2,50,515808.502618329,302783.9958785,58.7
2024-02,2024,2,52,886770.0522483091,743737.765506466,83.87
2024-02,2024,2,54,679107.72923067,480915.74719495996,70.82
2024-02,2024,2,63,238311.540789751,131223.80346024502,55.06
2024-02,2024,2,66,425717.11311573,197034.089358038,46.28
2024-02,2024,2,68,1025715.0416494419,599970.46234155,58.49
2024-02,2024,2,70,373352.43600916595,303536.976926438,81.3
2024-02,2024,2,73,543652.15055555,327215.26577394997,60.19
2024-02,2024,2,76,2019191.7392928652,1099767.4066543488,54.47
2024-02,2024,2,81,30509.603959369997,19568.258467727992,64.14
2024-02,2024,2,85,76657.67689633,31363.528761599995,40.91
2024-02,2024,2,86,15543.776163088001,9313.738899663002,59.92
2024-02,2024,2,88,21358.239317015003,6082.887544622001,28.48
2024-02,2024,2,91,13535.895670512,9182.411105151,67.84
2024-02,2024,2,94,9307.399006309997,6925.473985336001,74.41
2024-02,2024,2,95,20251.27483679,12319.987124133999,60.84
2024-02,2024,2,97,4419.428124217,1930.7158656170002,43.69
2024-02,2024,2,99,6513.657670310001,4798.354238704001,73.67
2024-03,2024,3,5,3054089.653043572,1411001.226508143,46.2
2024-03,2024,3,8,1213722.9650532599,743173.022918043,61.23
2024-03,2024,3,11,4313630.80015225,1350335.50087633,31.3
2024-03,2024,3,13,893176.3286353699,632018.2167702899,70.76
2024-03,2024,3,15,564593.418516124,344788.934034144,61.07
2024-03,2024,3,17,439946.48979569797,215388.676929473,48.96
2024-03,2024,3,18,160961.89881346602,127156.736556138,79.0
2024-03,2024,3,19,713703.5736542509,583915.46595658,81.81
2024-03,2024,3,20,542209.455003838,404032.938814098,74.52
2024-03,2024,3,23,878559.495213127,719638.0426452861,81.91
2024-03,2024,3,25,1513470.6323990452,699455.783385236,46.22
2024-03,2024,3,27,109885.527551834,81991.934415211,74.62
2024-03,2024,3,41,525359.632021971,378675.256099768,72.08
2024-03,2024,3,44,321783.882354566,271623.871234658,84.41
2024-03,2024,3,47,553294.651079112,417327.59114030295,75.43
2024-03,2024,3,50,524394.2197333099,319357.02341528,60.9
2024-03,2024,3,52,946689.5329177299,779974.683076527,82.39
2024-03,2024,3,54,671417.84633219,455689.29560713994,67.87
2024-03,2024,3,63,225156.19004349,112140.889299546,49.81
2024-03,2024,3,66,420047.77569564397,195365.193768272,46.51
2024-03,2024,3,68,1048070.20922148,555754.32935597,53.03
2024-03,2024,3,70,383617.377162268,316041.31333908695,82.38
2024-03,2024,3,73,493183.5020516501,318549.90265531,64.59
2024-03,2024,3,76,1933806.553127574,1037769.420081156,53.66
2024-03,2024,3,81,30729.647317304,21726.717820171998,70.7
2024-03,2024,3,85,77338.73064999002,38626.24910999,49.94
2024-03,2024,3,86,14704.469913711999,9008.903188362,61.27
2024-03,2024,3,88,20592.912068015,5867.490965709,28.49
2024-03,2024,3,91,15812.699442849,9656.17323739,61.07
2024-03,2024,3,94,8689.538549395,5770.352477276,66.41
2024-03,2024,3,95,20560.25444466,13134.570020037998,63.88
2024-03,2024,3,97,4864.831685925001,2056.4281815369995,42.27
2024-03,2024,3,99,7007.636797200001,4051.8876871800003,57.82
2024-04,2024,4,5,3274493.8712078272,1620591.5120037398,49.49
2024-04,2024,4,8,1237880.646187272,794816.725558372,64.21
2024-04,2024,4,11,4224014.70639977,1299325.0494431802,30.76
2024-04,2024,4,13,891282.52175546,607878.11801122,68.2
2024-04,2024,4,15,578944.758885789,336168.486461855,58.07
2024-04,2024,4,17,431555.72020036203,231075.495215473,53.54
2024-04,2024,4,18,160467.08546696597,122453.79882545,76.31
2024-04,2024,4,19,759574.341974376,619159.3603587741,81.51
2024-04,2024,4,20,507356.81375952496,374724.090911849,73.86
2024-04,2024,4,23,815177.633267467,671709.9287081,82.4
2024-04,2024,4,25,1516121.309894505,662936.4019812371,43.73
2024-04,2024,4,27,148925.61141758,118257.464194206,79.41
2024-04,2024,4,41,488907.87349928205,359294.00446604204,73.49
2024-04,2024,4,44,337290.142065984,258771.47080884,76.72
2024-04,2024,4,47,561754.84084391,405424.63850234996,72.17
2024-04,2024,4,50,496787.29742709396,294560.66856983,59.29
2024-04,2024,4,52,877284.33290611,717514.840229664,81.79
2024-04,2024,4,54,664021.42449358,475378.54215129,71.59
2024-04,2024,4,63,251721.221262508,122861.256522914,48.81
2024-04,2024,4,66,448819.604156114,229878.546591596,51.22
2024-04,2024,4,68,1104632.829803272,667941.486775736,60.47
2024-04,2024,4,70,360081.583012366,294257.359644883,81.72
2024-04,2024,4,73,522170.12996150996,316217.0413339,60.56
2024-04,2024,4,76,1996902.1222952,1048488.47082483,52.51
2024-04,2024,4,81,28895.670290528004,21088.828508193,72.98
2024-04,2024,4,85,88065.12855093999,36650.841232659994,41.62
2024-04,2024,4,86,14990.712692071998,5569.840946395999,37.16
2024-04,2024,4,88,19736.998993709,5918.678622525999,29.99
2024-04,2024,4,91,15440.065584672,9082.219603625002,58.82
2024-04,2024,4,94,9079.502039939,6091.434896858999,67.09
2024-04,2024,4,95,20603.873240197,12519.868087244,60.76
2024-04,2024,4,97,4583.3379296777,1607.9440967230998,35.08
2024-04,2024,4,99,7074.254194478,5153.454336539,72.85
2024-05,2024,5,5,3226978.543039559,1455775.2868638998,45.11
2024-05,2024,5,8,1248512.215598459,761970.5752064739,61.03
2024-05,2024,5,11,4286890.955987399,1420108.96736893,33.13
2024-05,2024,5,13,897679.36905077,608099.55027823,67.74
2024-05,2024,5,15,573274.9856590449,360671.67878338404,62.91
2024-05,2024,5,17,435752.071528367,221815.77283275098,50.9
2024-05,2024,5,18,168551.35904850397,132426.854854577,78.57
2024-05,2024,5,19,711610.083851839,585427.926351144,82.27
2024-05,2024,5,20,521923.91647626,393817.173503132,75.45
2024-05,2024,5,23,768596.779948785,585777.803207816,76.21
2024-05,2024,5,25,1559223.542484116,666697.6033699501,42.76
2024-05,2024,5,27,147016.35991439002,122385.858113019,83.25
2024-05,2024,5,41,496204.143897405,355828.188814187,71.71
2024-05,2024,5,44,302351.638592146,246772.3421073,81.62
2024-05,2024,5,47,568591.6518709019,440174.431083132,77.41
2024-05,2024,5,50,545209.730340869,333449.1629780469,61.16
2024-05,2024,5,52,980110.324520762,812720.290050075,82.92
2024-05,2024,5,54,688488.31470426,481653.0140132,69.96
2024-05,2024,5,63,236044.337344607,120603.60329671299,51.09
2024-05,2024,5,66,441089.0876063809,190028.758059666,43.08
2024-05,2024,5,68,1061799.868371712,567404.980719192,53.44
2024-05,2024,5,70,378869.036700092,301604.914782748,79.61
2024-05,2024,5,73,531714.54771804,343540.77882440004,64.61
2024-05,2024,5,76,2041490.555955756,1002841.844111701,49.12
2024-05,2024,5,81,30852.13798059,19188.60464053,62.2
2024-05,2024,5,85,83543.87025992999,40544.88980283,48.53
2024-05,2024,5,86,15151.527871567005,7061.1066239,46.6
2024-05,2024,5,88,19738.604045109,5477.638225703,27.75
2024-05,2024,5,91,16432.602134254,9092.582915378001,55.33
2024-05,2024,5,94,9216.022628853001,6506.118977487,70.6
2024-05,2024,5,95,24683.68161937,16887.268777589,68.41
2024-05,2024,5,97,4832.358861358,2294.386610882,47.48
2024-05,2024,5,99,7666.827464981,5510.873028988,71.88
2024-06,2024,6,5,3234903.8272619955,1480067.4684955517,45.75
2024-06,2024,6,8,1241354.1508051818,749284.3504053641,60.36
2024-06,2024,6,11,4241366.70349423,1374961.720291,32.42
2024-06,2024,6,13,806555.63002273,536118.2961172,66.47
2024-06,2024,6,15,588257.891148263,339627.221402733,57.73
2024-06,2024,6,17,457795.1334716,206031.263450301,45.01
2024-06,2024,6,18,169269.375518506,126604.09911141699,74.79
2024-06,2024,6,19,743154.3097840841,607993.6031138981,81.81
2024-06,2024,6,20,542641.19160548,382532.7450379981,70.49
2024-06,2024,6,23,818895.483178309,664878.744912866,81.19
2024-06,2024,6,25,1486878.268176837,676655.775061016,45.51
2024-06,2024,6,27,107154.73479273298,71155.070278284,66.4
2024-06,2024,6,41,481417.296845008,351871.989756738,73.09
2024-06,2024,6,44,396976.261256732,330101.192775676,83.15
2024-06,2024,6,47,588553.151084502,433464.72186664096,73.65
2024-06,2024,6,50,498783.1858189859,313178.766847509,62.79
2024-06,2024,6,52,910025.7474271131,754596.147733826,82.92
2024-06,2024,6,54,652408.9001291101,459941.88863435003,70.5
2024-06,2024,6,63,234278.38679215,125300.62338538602,53.48
2024-06,2024,6,66,467497.31288071,214258.16275258598,45.83
2024-06,2024,6,68,1050311.516648174,626768.694406374,59.67
2024-06,2024,6,70,381761.813166593,305063.751309302,79.91
2024-06,2024,6,73,520094.44062848995,329141.60201264,63.28
2024-06,2024,6,76,2093261.122946134,1148653.33737581,54.87
2024-06,2024,6,81,32028.980768862995,16531.888632983002,51.62
2024-06,2024,6,85,82422.472308,34662.261454470005,42.05
2024-06,2024,6,86,15552.915993202,8934.700445251001,57.45
2024-06,2024,6,88,20203.572820634,4322.438949587,21.39
2024-06,2024,6,91,15741.714649574998,7695.965067118001,48.89
2024-06,2024,6,94,9601.025181949,5931.975163521,61.78
2024-06,2024,6,95,20319.496740694998,13673.372053255001,67.29
2024-06,2024,6,97,5315.322201419001,2469.919719156001,46.47
2024-06,2024,6,99,7174.665970069999,4688.7077453110005,65.35
2024-07,2024,7,5,3308536.703490516,1471444.880911524,44.47
2024-07,2024,7,8,1320412.7334950191,857398.805621334,64.93
2024-07,2024,7,11,4264073.77879739,1403502.4455993702,32.91
2024-07,2024,7,13,844756.04106524,559363.03989821,66.22
2024-07,2024,7,15,562786.368936925,372847.14023837796,66.25
2024-07,2024,7,17,422397.420897384,214240.172402823,50.72
2024-07,2024,7,18,168970.00685829,132371.814640872,78.34
2024-07,2024,7,19,734729.576600251,599383.565129475,81.58
2024-07,2024,7,20,492569.291804349,383609.113509338,77.88
2024-07,2024,7,23,809915.328078273,642900.2460269,79.38
2024-07,2024,7,25,1611436.594419472,679072.5398791269,42.14
2024-07,2024,7,27,112165.873887188,84139.07391772099,75.01
2024-07,2024,7,41,489844.75730063696,352692.09754129406,72.0
2024-07,2024,7,44,411989.69726428704,335367.84111997706,81.4
2024-07,2024,7,47,623399.624955761,460560.719313861,73.88
2024-07,2024,7,50,526187.72927374,315759.22664506,60.01
2024-07,2024,7,52,955967.115206299,802560.478440282,83.95
2024-07,2024,7,54,666638.1776018699,443435.7316416,66.52
2024-07,2024,7,63,242655.19334133502,123840.27057628799,51.04
2024-07,2024,7,66,446660.640058955,218947.45358687697,49.02
2024-07,2024,7,68,1076055.29817382,607471.7756608799,56.45
2024-07,2024,7,70,351766.337092482,282978.518784966,80.45
2024-07,2024,7,73,544009.76814076,381254.98398624,70.08
2024-07,2024,7,76,2006023.946091365,1027530.2439175561,51.22
2024-07,2024,7,81,31032.22190923,21834.642719319996,70.36
2024-07,2024,7,85,81752.53000898001,45481.014797410004,55.63
2024-07,2024,7,86,16807.570260708,8402.045829809,49.99
2024-07,2024,7,88,20354.955685925997,4685.657288303999,23.02
2024-07,2024,7,91,15334.808518277001,6844.7745186619995,44.64
2024-07,2024,7,94,8755.828705958,6330.044955553999,72.3
2024-07,2024,7,95,22719.260700858,14697.230956277002,64.69
2024-07,2024,7,97,5180.689722731,2157.9789257390003,41.65
2024-07,2024,7,99,7097.046923785,4762.085671062001,67.1
2024-08,2024,8,5,3296181.757957985,1497256.653032537,45.42
2024-08,2024,8,8,1282729.348042091,768676.1711874311,59.93
2024-08,2024,8,11,4294268.97294593,1477815.96108298,34.41
2024-08,2024,8,13,891788.0430797602,597738.1046865099,67.03
2024-08,2024,8,15,564485.762179699,384186.785895604,68.06
2024-08,2024,8,17,458848.431655504,237411.539969258,51.74
2024-08,2024,8,18,151240.49737433498,112922.154086021,74.66
2024-08,2024,8,19,738517.7147197389,580948.6553101139,78.66
2024-08,2024,8,20,546878.7440609271,401868.650754847,73.48
2024-08,2024,8,23,896669.5700924629,706766.9655460829,78.82
2024-08,2024,8,25,1601872.6996046542,607131.4795252461,37.9
2024-08,2024,8,27,158253.33831796498,126133.63198231699,79.7
2024-08,2024,8,41,531943.632664532,380240.67829442007,71.48
2024-08,2024,8,44,406389.177563873,336604.64071961096,82.83
2024-08,2024,8,47,581317.704846581,441504.046597981,75.95
2024-08,2024,8,50,541385.164894646,327421.157216773,60.48
2024-08,2024,8,52,915924.2004312209,761709.009640031,83.16
2024-08,2024,8,54,663339.3847741401,494429.06220454996,74.54
2024-08,2024,8,63,245118.174417578,126027.604991972,51.42
2024-08,2024,8,66,442001.664116096,213166.404675435,48.23
2024-08,2024,8,68,1030754.88110946,585638.00285438,56.82
2024-08,2024,8,70,399727.003495547,331888.455860802,83.03
2024-08,2024,8,73,554731.4281200301,343777.14023658,61.97
2024-08,2024,8,76,2015966.48777238,1054031.796258931,52.28
2024-08,2024,8,81,32426.63136565,19528.6190042,60.22
2024-08,2024,8,85,81942.41885223999,41120.474136790006,50.18
2024-08,2024,8,86,16150.880214437,10817.505741877001,66.98
2024-08,2024,8,88,20877.768835083,4527.21833238,21.68
2024-08,2024,8,91,13889.319603387003,9127.516136386002,65.72
2024-08,2024,8,94,8400.447603152,6802.811051351001,80.98
2024-08,2024,8,95,22496.584203827,15084.757926367001,67.05
2024-08,2024,8,97,4717.963177107,1933.097039791,40.97
2024-08,2024,8,99,6637.225950812,4020.2914227699994,60.57
2024-09,2024,9,5,3287656.92932208,1449435.21969296,44.09
2024-09,2024,9,8,1225084.187315458,662225.2813589829,54.06
2024-09,2024,9,11,4215147.16512718,1352910.6104783602,32.1
2024-09,2024,9,13,900562.2501943801,654796.64187938,72.71
2024-09,2024,9,15,583989.0425608259,389740.930614579,66.74
2024-09,2024,9,17,474150.048109079,221892.727315169,46.8
2024-09,2024,9,18,165526.62094553403,125948.693013296,76.09
2024-09,2024,9,19,736510.651144995,580829.237488175,78.86
2024-09,2024,9,20,492792.830463501,351564.88810262503,71.34
2024-09,2024,9,23,861784.236596036,702787.15745275,81.55
2024-09,2024,9,25,1580438.0515014492,650434.0314594321,41.16
2024-09,2024,9,27,167516.14326288697,138196.991549551,82.5
2024-09,2024,9,41,534805.253919038,407666.10633082304,76.23
2024-09,2024,9,44,387584.864449215,307523.390919293,79.34
2024-09,2024,9,47,633012.48522835,509859.32448941004,80.54
2024-09,2024,9,50,530171.94200538,339418.20000161,64.02
2024-09,2024,9,52,954187.835578363,786794.612808978,82.46
2024-09,2024,9,54,637221.56242261,489798.14256346994,76.86
2024-09,2024,9,63,258247.55198297702,127574.0398529,49.4
2024-09,2024,9,66,432851.19967084104,215507.433597034,49.79
2024-09,2024,9,68,1051064.144353682,642510.225282472,61.13
2024-09,2024,9,70,356504.346828058,282567.987278889,79.26
2024-09,2024,9,73,496620.35373057006,301950.33881124,60.8
2024-09,2024,9,76,2040137.1388393308,997704.423870007,48.9
2024-09,2024,9,81,29631.727227672996,18045.387409947,60.9
2024-09,2024,9,85,83915.99655286,37385.07068637,44.55
2024-09,2024,9,86,15314.663735377,9008.342361317,58.82
2024-09,2024,9,88,20276.778767016,5036.667267808,24.84
2024-09,2024,9,91,16817.064399952003,8733.61081756,51.93
2024-09,2024,9,94,8812.844428693,6140.17051842,69.67
2024-09,2024,9,95,22319.146586609997,11870.014867943002,53.18
2024-09,2024,9,97,4514.472305167999,2639.586514524,58.47
2024-09,2024,9,99,8144.769747553,5639.164954062001,69.24
2024-10,2024,10,5,3333291.013079099,1396328.44824262,41.89
2024-10,2024,10,8,1287275.818379054,843535.379406833,65.53
2024-10,2024,10,11,4198336.86250221,1578346.5689360301,37.59
2024-10,2024,10,13,944586.0381661899,670202.04841887,70.95
2024-10,2024,10,15,587226.782209047,373544.498708917,63.61
2024-10,2024,10,17,459593.687791185,228377.955237837,49.69
2024-10,2024,10,18,162615.47317140998,130838.253325009,80.46
2024-10,2024,10,19,698713.201154524,574338.117928582,82.2
2024-10,2024,10,20,487654.514227935,329581.767626981,67.59
2024-10,2024,10,23,798102.477185324,661710.268632015,82.91
2024-10,2024,10,25,1722094.092699253,595973.666738991,34.61
2024-10,2024,10,27,134122.73395406303,106144.06556259899,79.14
2024-10,2024,10,41,509167.352098985,366677.13292619603,72.02
2024-10,2024,10,44,353804.802593093,273339.642068025,77.26
2024-10,2024,10,47,577400.5355093682,415449.082039768,71.95
2024-10,2024,10,50,523694.1793728,312031.41391909,59.58
2024-10,2024,10,52,958037.618060807,783644.180207466,81.8
2024-10,2024,10,54,658463.27627131,448576.74832463,68.12
2024-10,2024,10,63,250664.640699365,130361.066912104,52.01
2024-10,2024,10,66,441196.097143199,197143.23801287598,44.68
2024-10,2024,10,68,1060303.625000809,587300.883429299,55.39
2024-10,2024,10,70,406209.79925201903,351634.497440106,86.56
2024-10,2024,10,73,554390.9159783,350606.46490092,63.24
2024-10,2024,10,76,2066918.552498005,991178.121018189,47.95
2024-10,2024,10,81,34851.27859346999,25192.769711939996,72.29
2024-10,2024,10,85,85412.01899801,49150.21763833,57.54
2024-10,2024,10,86,18418.190755575,10378.866571036999,56.35
2024-10,2024,10,88,20693.237761513,5033.7522347740005,24.33
2024-10,2024,10,91,14722.014310129001,7717.432524841,52.42
2024-10,2024,10,94,8244.071625354,6780.236837066001,82.24
2024-10,2024,10,95,24069.553381715003,15613.156694328998,64.87
2024-10,2024,10,97,5225.242545484,2071.899330516,39.65
2024-10,2024,10,99,7605.864336976,5370.919544698999,70.62
2024-11,2024,11,5,3296613.398243901,1432988.86097818,43.47
2024-11,2024,11,8,1228720.9333971892,730942.2896304871,59.49
2024-11,2024,11,11,4331949.51181696,1430134.9966848502,33.01
2024-11,2024,11,13,884902.63071008,599933.05219306,67.8
2024-11,2024,11,15,573083.0675061471,372604.313468544,65.02
2024-11,2024,11,17,453591.14873526304,210732.400624912,46.46
2024-11,2024,11,18,162939.46096868598,130985.543080341,80.39
2024-11,2024,11,19,756191.495073757,598439.241278995,79.14
2024-11,2024,11,20,513578.13912161195,345027.38174825005,67.18
2024-11,2024,11,23,871168.095773978,729626.494210325,83.75
2024-11,2024,11,25,1668341.927144478,683015.762844935,40.94
2024-11,2024,11,27,146817.15193134503,121875.938807617,83.01
2024-11,2024,11,41,514436.97979866096,372111.124259645,72.33
2024-11,2024,11,44,377670.17414279806,283597.182973183,75.09
2024-11,2024,11,47,596971.950286726,473052.706539832,79.24
2024-11,2024,11,50,549745.231351285,321476.998065015,58.48
2024-11,2024,11,52,868267.961108142,702059.373240854,80.86
2024-11,2024,11,54,687148.84282236,481314.56050188,70.05
2024-11,2024,11,63,258237.075726173,132487.179102386,51.3
2024-11,2024,11,66,446520.998079543,218527.894051577,48.94
2024-11,2024,11,68,1079199.06949446,583167.5154785181,54.04
2024-11,2024,11,70,416191.038214335,341933.16547420004,82.16
2024-11,2024,11,73,590841.09555532,392607.01541419,66.45
2024-11,2024,11,76,2112190.2051940197,1091478.46655931,51.68
2024-11,2024,11,81,38026.73536516199,25190.608289630007,66.24
2024-11,2024,11,85,81481.79106338002,45311.98647288001,55.61
2024-11,2024,11,86,15754.954579249,8581.453866056,54.47
2024-11,2024,11,88,20925.970241299998,4382.863715752999,20.94
2024-11,2024,11,91,16193.185969856,10719.23671357,66.2
2024-11,2024,11,94,8658.212158778,6632.823665598999,76.61
2024-11,2024,11,95,24822.893853583002,15262.558087916,61.49
2024-11,2024,11,97,5313.463392805999,2641.066770661,49.71
2024-11,2024,11,99,8766.704678332,5903.8367718360005,67.34
2024-12,2024,12,5,3403342.099817381,1522684.306763547,44.74
2024-12,2024,12,8,1312057.4541970622,856940.358448151,65.31
2024-12,2024,12,11,4202343.79442245,1372193.04763505,32.65
2024-12,2024,12,13,945701.34204783,681683.87763465,72.08
2024-12,2024,12,15,552980.565643971,326653.29764170805,59.07
2024-12,2024,12,17,452782.34001601,233572.099295422,51.59
2024-12,2024,12,18,171427.391911953,128688.40895654401,75.07
2024-12,2024,12,19,777441.4746741609,639696.004640879,82.28
2024-12,2024,12,20,480749.810140552,355030.011030292,73.85
2024-12,2024,12,23,864512.805684032,693604.109323738,80.23
2024-12,2024,12,25,1738528.891556772,722177.606555897,41.54
2024-12,2024,12,27,142202.25954779098,123056.48763998899,86.54
2024-12,2024,12,41,480294.670790216,357252.049461556,74.38
2024-12,2024,12,44,389344.706605176,334702.32511722704,85.97
2024-12,2024,12,47,608374.471004558,447919.869434172,73.63
2024-12,2024,12,50,540368.83889268,321492.84672797,59.5
2024-12,2024,12,52,824969.8331510948,687707.381924768,83.36
2024-12,2024,12,54,703586.1350647201,503771.90194516,71.6
2024-12,2024,12,63,267338.75204676,148344.09193948598,55.49
2024-12,2024,12,66,434001.39414234506,183369.01518712498,42.25
2024-12,2024,12,68,1037524.45721005,553435.8787525799,53.34
2024-12,2024,12,70,406728.665717165,334912.92003659,82.34
2024-12,2024,12,73,621914.948995,443878.54435805,71.37
2024-12,2024,12,76,2042933.872804325,1178715.920382443,57.7
2024-12,2024,12,81,33620.220195938,23707.624676462,70.52
2024-12,2024,12,85,86374.75485278999,50859.25981761,58.88
2024-12,2024,12,86,16510.636201315,9177.743791957999,55.59
2024-12,2024,12,88,21525.301261467997,4969.296470085,23.09
2024-12,2024,12,91,15879.128876491,12956.054607313003,81.59
2024-12,2024,12,94,8615.435081339998,7272.065274356,84.41
2024-12,2024,12,95,24054.410046968995,16863.730829485,70.11
2024-12,2024,12,97,4738.666164263,1655.0326687860002,34.93
2024-12,2024,12,99,7912.174110838,4750.118074364,60.04
2025-01,2025,1,5,3317929.8239358068,1370483.0001094593,41.31
2025-01,2025,1,8,1241213.746425617,772876.870589653,62.27
2025-01,2025,1,11,4205841.02955083,1471368.96465321,34.98
2025-01,2025,1,13,912126.2468825001,651016.16764459,71.37
2025-01,2025,1,15,499445.943025622,348076.783857898,69.69
2025-01,2025,1,17,457232.175589435,242696.82285813603,53.08
2025-01,2025,1,18,158686.662373679,121644.62213986201,76.66
2025-01,2025,1,19,702941.3361703719,568586.689242776,80.89
2025-01,2025,1,20,483701.01704997,343905.370685225,71.1
2025-01,2025,1,23,768247.106903828,627297.781720225,81.65
2025-01,2025,1,25,1661109.990216047,627470.867387215,37.77
2025-01,2025,1,27,110082.348889167,91758.922877611,83.35
2025-01,2025,1,41,454570.19228208205,318625.10270720994,70.09
2025-01,2025,1,44,378696.55916620896,327055.74171954097,86.36
2025-01,2025,1,47,576242.7397987349,402341.969705294,69.82
2025-01,2025,1,50,520668.56489011995,309930.86274362,59.53
2025-01,2025,1,52,846683.72469985,716538.249003169,84.63
2025-01,2025,1,54,632739.5366821601,456402.95442127,72.13
2025-01,2025,1,63,249408.296724646,138538.24138020602,55.55
2025-01,2025,1,66,439610.55487446196,195603.09728231299,44.49
2025-01,2025,1,68,1069925.263435364,619450.9420949,57.9
2025-01,2025,1,70,409452.95829126897,342953.52343705704,83.76
2025-01,2025,1,73,591436.1683168,420470.58184753,71.09
2025-01,2025,1,76,2011843.108232908,997622.8162392579,49.59
2025-01,2025,1,81,33505.84874832,22753.645846560004,67.91
2025-01,2025,1,85,77845.28201914,37790.43592199,48.55
2025-01,2025,1,86,16277.243446123,8088.861544289,49.69
2025-01,2025,1,88,18282.522509598,4877.8732040039995,26.68
2025-01,2025,1,91,14684.232338634,10756.287401357,73.25
2025-01,2025,1,94,8735.465545250998,6767.530435809999,77.47
2025-01,2025,1,95,21704.025818767994,11000.243558424001,50.68
2025-01,2025,1,97,4643.865342692,2211.247674233,47.62
2025-01,2025,1,99,7321.130773725,3503.4202894709997,47.85
2025-02,2025,2,5,3358799.793142032,1569165.780743537,46.72
2025-02,2025,2,8,1217757.969909781,725410.657714085,59.57
2025-02,2025,2,11,4307600.66753653,1503161.5711110102,34.9
2025-02,2025,2,13,900338.3674736901,678393.0183254799,75.35
2025-02,2025,2,15,520840.15501327603,345616.667162018,66.36
2025-02,2025,2,17,477492.647218036,237635.700429668,49.77
2025-02,2025,2,18,154335.083778057,119243.336148624,77.26
2025-02,2025,2,19,753725.2101738689,639025.346533821,84.78
2025-02,2025,2,20,495181.98930967005,348410.845471975,70.36
2025-02,2025,2,23,822327.675993565,716013.4236647671,87.07
2025-02,2025,2,25,1668329.075733156,829409.1189304029,49.71
2025-02,2025,2,27,121408.440359427,96785.29851527199,79.72
2025-02,2025,2,41,475903.695697326,370712.02224034106,77.9
2025-02,2025,2,44,350914.919707266,296184.328529761,84.4
2025-02,2025,2,47,626640.755395224,481559.47623671603,76.85
2025-02,2025,2,50,538928.901238436,337720.46095934405,62.67
2025-02,2025,2,52,930305.797685435,803773.9448531929,86.4
2025-02,2025,2,54,689259.64636167,460452.70291797,66.8
2025-02,2025,2,63,261913.79413845701,142435.58129915397,54.38
2025-02,2025,2,66,448118.541342912,203923.822792575,45.51
2025-02,2025,2,68,1054147.1657272778,591209.536412696,56.08
2025-02,2025,2,70,430802.525397949,356790.13500442496,82.82
2025-02,2025,2,73,584545.09246059,375421.56165416003,64.22
2025-02,2025,2,76,2068385.7272005621,1060270.56113607,51.26
2025-02,2025,2,81,34346.243552440006,19690.471150949998,57.33
2025-02,2025,2,85,80866.86556069,42547.86571376,52.61
2025-02,2025,2,86,16918.690240177,8674.453882344,51.27
2025-02,2025,2,88,20496.553832984,5876.682806705,28.67
2025-02,2025,2,91,16169.524451842995,8378.146769625,51.81
2025-02,2025,2,94,8850.387477209,5106.419540423,57.7
2025-02,2025,2,95,21787.906976673,14234.369994907001,65.33
2025-02,2025,2,97,4762.8860119859,2613.4382479342,54.87
2025-02,2025,2,99,7274.333212793999,3697.9913630910005,50.84
2025-03,2025,3,5,3357624.590544128,1675411.647659093,49.9
2025-03,2025,3,8,1289263.0176832299,750782.170068704,58.23
2025-03,2025,3,11,4278720.61190393,1642647.60109902,38.39
2025-03,2025,3,13,983327.86870418,728648.55311665,74.1
2025-03,2025,3,15,555927.555485093,382008.594339677,68.72
2025-03,2025,3,17,434031.75013881,212246.45586572797,48.9
2025-03,2025,3,18,160201.024206782,114694.96929419701,71.59
2025-03,2025,3,19,643120.6640511439,531741.839234591,82.68
2025-03,2025,3,20,538995.30033302,376759.573576974,69.9
2025-03,2025,3,23,822332.8916510849,638881.0744274291,77.69
2025-03,2025,3,25,1784849.4370978011,734101.2725774479,41.13
2025-03,2025,3,27,125188.28391963699,93347.858063183,74.57
2025-03,2025,3,41,481094.122186461,358898.462191227,74.6
2025-03,2025,3,44,362185.093105713,298555.752773265,82.43
2025-03,2025,3,47,610930.8958006559,480169.558660986,78.6
2025-03,2025,3,50,529371.11135413,325720.42090713,61.53
2025-03,2025,3,52,950553.923330952,791742.5275207849,83.29
2025-03,2025,3,54,674265.42195597,459734.84838206,68.18
2025-03,2025,3,63,265327.793993979,134216.969607631,50.59
2025-03,2025,3,66,453309.67691074894,214638.849423852,47.35
2025-03,2025,3,68,1077832.369486542,593648.514355852,55.08
2025-03,2025,3,70,413894.37574940297,354299.503724555,85.6
2025-03,2025,3,73,590487.97124896,425969.49801188,72.14
2025-03,2025,3,76,2105316.6079795826,1077312.752273073,51.17
2025-03,2025,3,81,35052.98671397999,23213.25498087,66.22
2025-03,2025,3,85,81571.97909901998,42495.37032416001,52.1
2025-03,2025,3,86,15883.188254739001,9714.726569755998,61.16
2025-03,2025,3,88,19637.650470914,5218.135234408,26.57
2025-03,2025,3,91,18202.456051310997,9805.156115816002,53.87
2025-03,2025,3,94,8939.750218785,5973.638654176,66.82
2025-03,2025,3,95,21823.166103871,15306.923500213003,70.14
2025-03,2025,3,97,5557.7835661409,2960.9021681000004,53.27
2025-03,2025,3,99,7571.997765155999,4936.653263837001,65.2
2025-04,2025,4,5,3330688.714201072,1564507.846041503,46.97
2025-04,2025,4,8,1280807.319889006,737987.798969937,57.62
2025-04,2025,4,11,4254870.98443458,1218499.29859349,28.64
2025-04,2025,4,13,878636.20667796,603296.64141205,68.66
2025-04,2025,4,15,487589.094155785,265706.84833191696,54.49
2025-04,2025,4,17,464873.00495134504,210949.300619268,45.38
2025-04,2025,4,18,164095.150941944,126618.02815239999,77.16
2025-04,2025,4,19,720959.7025484671,570016.100943333,79.06
2025-04,2025,4,20,508337.77502345,377754.252866818,74.31
2025-04,2025,4,23,889330.5059556607,759872.8516678481,85.44
2025-04,2025,4,25,1767437.493331129,775486.235888551,43.88
2025-04,2025,4,27,134212.776545935,109360.73416954902,81.48
2025-04,2025,4,41,456388.807112179,345518.17537164805,75.71
2025-04,2025,4,44,366887.83009497996,305706.90252273995,83.32
2025-04,2025,4,47,623605.05989552,468240.61694966996,75.09
2025-04,2025,4,50,492300.97681018,291929.84856251,59.3
2025-04,2025,4,52,905241.611805734,747431.2527792,82.57
2025-04,2025,4,54,683245.99053671,498261.35614042,72.93
2025-04,2025,4,63,274318.554665104,150005.926618013,54.68
2025-04,2025,4,66,460421.159935744,233106.285884251,50.63
2025-04,2025,4,68,1039830.3055699359,577637.8653560029,55.55
2025-04,2025,4,70,415556.685132693,335106.173469034,80.64
2025-04,2025,4,73,619175.50774816,413885.98297871,66.84
2025-04,2025,4,76,2143685.705894901,990494.5213016459,46.21
2025-04,2025,4,81,35012.301823644004,18035.897761408,51.51
2025-04,2025,4,85,77937.32738882999,35235.202255159995,45.21
2025-04,2025,4,86,16620.427760407,6675.202142117,40.16
2025-04,2025,4,88,21873.787428144,5785.456574040999,26.45
2025-04,2025,4,91,16129.534299246996,10159.104070304002,62.98
2025-04,2025,4,94,8767.407016303001,4750.346510371999,54.18
2025-04,2025,4,95,23755.500734137,15719.720138185003,66.17
2025-04,2025,4,97,5444.633467633001,2924.0838304609993,53.71
2025-04,2025,4,99,8040.683022787,5056.508590979,62.89
2025-05,2025,5,5,3258144.96965301,1298240.273215679,39.85
2025-05,2025,5,8,1264862.649184652,760601.6888758179,60.13
2025-05,2025,5,11,4239342.59760431,1555025.2224124102,36.68
2025-05,2025,5,13,903708.8124854001,613403.02825887,67.88
2025-05,2025,5,15,586123.2937747149,341355.287567995,58.24
2025-05,2025,5,17,507042.64910300897,268246.137120794,52.9
2025-05,2025,5,18,165644.910503838,129536.498036324,78.2
2025-05,2025,5,19,729656.155411745,598166.78398971,81.98
2025-05,2025,5,20,550278.079981461,419277.735657011,76.19
2025-05,2025,5,23,817649.0097435339,622116.819701234,76.09
2025-05,2025,5,25,1674552.0568683879,645381.972397774,38.54
2025-05,2025,5,27,145666.038264458,123789.615996583,84.98
2025-05,2025,5,41,511894.18334128504,396735.797341857,77.5
2025-05,2025,5,44,368623.96706924704,309183.086534332,83.87
2025-05,2025,5,47,601486.202983228,457526.356920464,76.07
2025-05,2025,5,50,559714.25191957,320027.70563959,57.18
2025-05,2025,5,52,878116.581806905,710689.6052722591,80.93
2025-05,2025,5,54,704629.67236915,490461.14689415,69.61
2025-05,2025,5,63,251916.584127359,126244.390913905,50.11
2025-05,2025,5,66,476619.533786327,227084.883883994,47.64
2025-05,2025,5,68,1052719.5568104698,555349.31843659,52.75
2025-05,2025,5,70,407858.62534234603,333877.720198775,81.86
2025-05,2025,5,73,655571.15068273,450578.73396816,68.73
2025-05,2025,5,76,2094260.6294623548,1070924.6573149222,51.14
2025-05,2025,5,81,40143.314831514,22427.343453422,55.87
2025-05,2025,5,85,78751.44561699999,38801.77793276999,49.27
2025-05,2025,5,86,17370.867196799,9571.212807696,55.1
2025-05,2025,5,88,21675.504068589,5625.182592286001,25.95
2025-05,2025,5,91,16189.446981877,11549.151529768998,71.34
2025-05,2025,5,94,8786.267062386,6159.595048986,70.1
2025-05,2025,5,95,25452.678722262,15805.490914453,62.1
2025-05,2025,5,97,5032.993668094,2149.3052592100003,42.7
2025-05,2025,5,99,7347.431249110001,3888.6491222709997,52.93
2025-06,2025,6,5,3357737.7151034074,1445829.142867736,43.06
2025-06,2025,6,8,1234653.439823566,685522.87783382,55.52
2025-06,2025,6,11,4318880.155948721,1525338.73991916,35.32
2025-06,2025,6,13,928249.3029133199,625244.44296853,67.36
2025-06,2025,6,15,589555.194391527,343071.29588255,58.19
2025-06,2025,6,17,515213.350048338,254147.510744277,49.33
2025-06,2025,6,18,161858.82828813102,122462.548091806,75.66
2025-06,2025,6,19,700079.369864753,559827.567862945,79.97
2025-06,2025,6,20,570034.571447733,400335.89471032296,70.23
2025-06,2025,6,23,812953.217146783,658129.7296313059,80.96
2025-06,2025,6,25,1727798.231012292,717561.030717565,41.53
2025-06,2025,6,27,132542.925193418,90681.72811562801,68.42
2025-06,2025,6,41,473847.755666611,358052.67684422503,75.56
2025-06,2025,6,44,360091.252099742,296068.34329874197,82.22
2025-06,2025,6,47,586247.991304855,418721.94660538295,71.42
2025-06,2025,6,50,524238.84831587994,328004.8923536,62.57
2025-06,2025,6,52,917477.9371115039,745727.0621588691,81.28
2025-06,2025,6,54,692805.2237859799,487071.16275716,70.3
2025-06,2025,6,63,263023.69530861196,131603.074930553,50.03
2025-06,2025,6,66,459822.82829348405,225704.568492559,49.09
2025-06,2025,6,68,1075772.32584947,601189.11989755,55.88
2025-06,2025,6,70,418266.751864758,345000.530232187,82.48
2025-06,2025,6,73,582285.37132701,414460.28783916996,71.18
2025-06,2025,6,76,2126977.92379651,1085628.2112729358,51.04
2025-06,2025,6,81,37074.21102433,24984.720819010003,67.39
2025-06,2025,6,85,84416.96648331001,36907.53891231001,43.72
2025-06,2025,6,86,17886.371220795998,7667.086040030998,42.87
2025-06,2025,6,88,20680.459097789,4872.757204067,23.56
2025-06,2025,6,91,16332.692069518998,10170.587160041998,62.27
2025-06,2025,6,94,9197.401691134999,6548.680056405001,71.2
2025-06,2025,6,95,24343.570848657,14381.647516172998,59.08
2025-06,2025,6,97,4669.037035630001,2192.3951440409996,46.96
2025-06,2025,6,99,7937.744878277,4564.129687483,57.5
2025-07,2025,7,5,3513995.04220728,1637326.09706087,46.59
2025-07,2025,7,8,1239857.39204674,779510.683079131,62.87
2025-07,2025,7,11,4377197.6677318495,1333726.69952112,30.47
2025-07,2025,7,13,799988.912187889,530919.6904878491,66.37
2025-07,2025,7,15,579370.3881827621,336205.909235454,58.03
2025-07,2025,7,17,484854.347107728,243584.628915123,50.24
2025-07,2025,7,18,152102.826809936,113582.363550223,74.67
2025-07,2025,7,19,726599.920739644,585358.070477352,80.56
2025-07,2025,7,20,552982.529713396,421870.974439593,76.29
2025-07,2025,7,23,777389.807553177,649835.3217200469,83.59
2025-07,2025,7,25,1734511.064067241,666500.9568369259,38.43
2025-07,2025,7,27,128413.980829022,102569.250078466,79.87
2025-07,2025,7,41,477039.630898695,370456.921542669,77.66
2025-07,2025,7,44,374030.99080136395,285412.442408298,76.31
2025-07,2025,7,47,644781.3015970599,450582.35928558797,69.88
2025-07,2025,7,50,528104.04839501,313798.94236733,59.42
2025-07,2025,7,52,966136.4060423009,812597.5000225849,84.11
2025-07,2025,7,54,711032.8916875799,516494.16996987996,72.64
2025-07,2025,7,63,266292.068160891,136188.722865694,51.14
2025-07,2025,7,66,466499.275354892,237048.711128195,50.81
2025-07,2025,7,68,1048038.6358721601,593694.9367120799,56.65
2025-07,2025,7,70,430128.173030683,362094.01823773806,84.18
2025-07,2025,7,73,614689.5547111,421238.84547847003,68.53
2025-07,2025,7,76,2157300.449748021,987704.658935148,45.78
2025-07,2025,7,81,35868.694888069,23944.245217589007,66.76
2025-07,2025,7,85,79207.75201515999,47406.399984899996,59.85
2025-07,2025,7,86,17745.199962858,8703.20337403,49.05
2025-07,2025,7,88,21522.849058996,5264.9206151,24.46
2025-07,2025,7,91,16245.784983393001,9108.515582438002,56.07
2025-07,2025,7,94,9419.725352385,6359.272237188999,67.51
2025-07,2025,7,95,24691.492791643006,15797.635124172,63.98
2025-07,2025,7,97,5285.5231667118005,2506.5026426409,47.42
2025-07,2025,7,99,7720.249677572001,3983.8862009599998,51.6
2025-08,2025,8,5,3343281.084239293,1510890.0994408368,45.19
2025-08,2025,8,8,1281102.1723969919,741012.992776362,57.84
2025-08,2025,8,11,4347526.91061422,1302626.10840236,29.96
2025-08,2025,8,13,947340.91633475,685373.80383823,72.35
2025-08,2025,8,15,519939.13324169395,334932.63765736803,64.42
2025-08,2025,8,17,486635.7238084,258050.37831498502,53.03
2025-08,2025,8,18,156036.488326939,116049.670340324,74.37
2025-08,2025,8,19,661688.067151585,511975.384201504,77.37
2025-08,2025,8,20,567835.118710297,418880.305325702,73.77
2025-08,2025,8,23,840482.918978286,672158.137362833,79.97
2025-08,2025,8,25,1708234.934667727,682823.8833774279,39.97
2025-08,2025,8,27,125616.47907546401,93623.34165969201,74.53
2025-08,2025,8,41,456726.344254546,334619.001726764,73.26
2025-08,2025,8,44,333674.754221368,274162.23221183004,82.16
2025-08,2025,8,47,626598.4314045,463262.63328437007,73.93
2025-08,2025,8,50,527356.249417,291020.74332519,55.18
2025-08,2025,8,52,902225.550185389,755451.963281067,83.73
2025-08,2025,8,54,741646.16652323,571666.7621211901,77.08
2025-08,2025,8,63,261772.224515973,133744.763242854,51.09
2025-08,2025,8,66,465489.340738894,211825.02220740798,45.51
2025-08,2025,8,68,1075560.386484735,615493.682721255,57.23
2025-08,2025,8,70,440537.03269808606,376045.48627351597,85.36
2025-08,2025,8,73,604579.9524658099,380082.86695146,62.87
2025-08,2025,8,76,2169840.95624609,1106205.01232082,50.98
2025-08,2025,8,81,38019.587089385,20253.057766662,53.27
2025-08,2025,8,85,81019.99213036,44710.27446311,55.18
2025-08,2025,8,86,16233.592724402,8581.547430472001,52.86
2025-08,2025,8,88,20889.350783585,5339.778744426,25.56
2025-08,2025,8,91,16516.601112573,9073.592152059999,54.94
2025-08,2025,8,94,8472.155673716,6590.928834181,77.8
2025-08,2025,8,95,23826.177415079997,13967.406334909,58.62
2025-08,2025,8,97,6222.2474052782,2665.3158550569997,42.84
2025-08,2025,8,99,7912.428146817999,3871.6296412810007,48.93
2025-09,2025,9,5,3372326.599701047,1500055.997647016,44.48
2025-09,2025,9,8,1316566.512639624,752828.433922881,57.18
2025-09,2025,9,11,4275525.26851994,1372873.53500639,32.11
2025-09,2025,9,13,892086.13949713,593641.11682786,66.55
2025-09,2025,9,15,547848.578995578,323933.579461326,59.13
2025-09,2025,9,17,488775.258864705,219178.43242118196,44.84
2025-09,2025,9,18,162542.282002114,123326.224546346,75.87
2025-09,2025,9,19,776426.693214215,631100.591829487,81.28
2025-09,2025,9,20,549549.782889165,379933.873506275,69.14
2025-09,2025,9,23,938732.030935299,798530.737126275,85.06
2025-09,2025,9,25,1774977.224876893,729552.706690312,41.1
2025-09,2025,9,27,147676.49413476698,127859.49023802699,86.58
2025-09,2025,9,41,460800.71371609595,329447.83144712297,71.49
2025-09,2025,9,44,361856.710168827,279322.661017257,77.19
2025-09,2025,9,47,626735.832315735,478686.58605765004,76.38
2025-09,2025,9,50,541390.14708255,336173.7090556,62.09
2025-09,2025,9,52,891566.668325356,747085.282100766,83.79
2025-09,2025,9,54,665172.6541364101,440066.66729408,66.16
2025-09,2025,9,63,262335.102816778,131789.974582484,50.24
2025-09,2025,9,66,485088.889063277,263510.08178945,54.32
2025-09,2025,9,68,1086617.81468949,624731.48065924,57.49
2025-09,2025,9,70,420751.76244497,346804.82055594295,82.43
2025-09,2025,9,73,625786.9134859571,406875.796283328,65.02
2025-09,2025,9,76,2035455.1381311298,977067.271247643,48.0
2025-09,2025,9,81,34548.497065455,20833.819116577997,60.3
2025-09,2025,9,85,85293.01984481,42056.19781247,49.31
2025-09,2025,9,86,18013.556877953,9833.03478774,54.59
2025-09,2025,9,88,21104.51327697,5703.862601861,27.03
2025-09,2025,9,91,15669.015816658,9204.232781843997,58.74
2025-09,2025,9,94,8508.169735898995,7709.44856225,90.61
2025-09,2025,9,95,23565.505650933002,14982.794851178001,63.58
2025-09,2025,9,97,5698.619778452599,1957.2548294411,34.35
2025-09,2025,9,99,7853.593238549999,3827.758963301,48.74
2025-10,2025,10,5,3570661.483552732,1597466.8330041799,44.74
2025-10,2025,10,8,1370011.22521438,865768.648775111,63.19
2025-10,2025,10,11,4401992.603472671,1574581.7806967401,35.77
2025-10,2025,10,13,907964.5507147901,632980.29121691,69.71
2025-10,2025,10,15,505659.63967717503,294389.791681983,58.22
2025-10,2025,10,17,483396.038074193,226384.136296722,46.83
2025-10,2025,10,18,160109.359858221,120900.447332485,75.51
2025-10,2025,10,19,691467.921113529,563699.801203017,81.52
2025-10,2025,10,20,534132.053147862,380369.713299604,71.21
2025-10,2025,10,23,840311.978382228,684402.628725833,81.45
2025-10,2025,10,25,1810602.771584679,806823.165798518,44.56
2025-10,2025,10,27,168714.013380466,125598.222171124,74.44
2025-10,2025,10,41,446440.61162647,329692.822174282,73.85
2025-10,2025,10,44,375976.75899015804,296695.490926131,78.91
2025-10,2025,10,47,625600.9682405851,448873.52099906,71.75
2025-10,2025,10,50,572190.214480828,360182.702297403,62.95
2025-10,2025,10,52,889552.9643049301,749875.9098370699,84.3
2025-10,2025,10,54,713368.4920696099,484323.98696646,67.89
2025-10,2025,10,63,257956.63037963602,130399.656391977,50.55
2025-10,2025,10,66,478887.35094733,217602.93272274,45.44
2025-10,2025,10,68,1098242.7513589798,658954.56213138,60.0
2025-10,2025,10,70,427795.238168707,360578.753195843,84.29
2025-10,2025,10,73,642494.6415770501,436843.56302054005,67.99
2025-10,2025,10,76,2172504.287608332,1078882.427457247,49.66
2025-10,2025,10,81,39484.918057656,23190.976482354003,58.73
2025-10,2025,10,85,81631.14136450001,38804.23354875,47.54
2025-10,2025,10,86,17702.040638681996,8933.647322261,50.47
2025-10,2025,10,88,21632.982138637002,5896.266399852999,27.26
2025-10,2025,10,91,15205.538024399,9964.299831317998,65.53
2025-10,2025,10,94,10227.16755509,6758.635227946001,66.09
2025-10,2025,10,95,24405.664571579,15130.594532499,62.0
2025-10,2025,10,97,5487.6584368303,2783.1252063943007,50.72
2025-10,2025,10,99,7801.828809929,4592.941106345999,58.87
2025-11,2025,11,5,3355290.19263844,1471562.7613693601,43.86
2025-11,2025,11,8,1368356.2693040809,831208.1508600271,60.75
2025-11,2025,11,11,4484742.987221641,1444341.057093,32.21
2025-11,2025,11,13,884346.4897164999,603080.45039645,68.2
2025-11,2025,11,15,551892.954363642,351469.29420703405,63.68
2025-11,2025,11,17,499136.14643619506,245919.913331033,49.27
2025-11,2025,11,18,168348.048454826,127049.04791593799,75.47
2025-11,2025,11,19,684445.6545098019,559379.583975601,81.73
2025-11,2025,11,20,528259.334862965,372573.751224736,70.53
2025-11,2025,11,23,922251.802627,785687.301418797,85.19
2025-11,2025,11,25,1789477.721763018,737407.3727901459,41.21
2025-11,2025,11,27,151192.03522690898,122137.56142612999,80.78
2025-11,2025,11,41,501580.36170295,380423.959535102,75.85
2025-11,2025,11,44,382458.98026973405,296750.39136552194,77.59
2025-11,2025,11,47,654117.117683165,479579.834308231,73.32
2025-11,2025,11,50,556867.594669872,323821.512490534,58.15
2025-11,2025,11,52,913655.872973634,745116.7800485841,81.55
2025-11,2025,11,54,748857.95326228,532729.14744099,71.14
2025-11,2025,11,63,274099.16456337,151981.114162942,55.45
2025-11,2025,11,66,474482.18916012195,222135.31651808502,46.82
2025-11,2025,11,68,1180845.2173191789,645838.4499039131,54.69
2025-11,2025,11,70,441860.5078413851,363810.782346548,82.34
2025-11,2025,11,73,607479.94507673,427873.78880095005,70.43
2025-11,2025,11,76,2238715.9278067737,1211392.32936968,54.11
2025-11,2025,11,81,40001.885830232,22910.945659422003,57.27
2025-11,2025,11,85,87485.85032779002,54207.22881475,61.96
2025-11,2025,11,86,17260.503990803998,10245.836782236,59.36
2025-11,2025,11,88,23201.131181953002,5105.600234515,22.01
2025-11,2025,11,91,19890.111433275,11602.32634621,58.33
2025-11,2025,11,94,9384.060969347,6102.3192985860005,65.03
2025-11,2025,11,95,24520.204823163,14458.517866669,58.97
2025-11,2025,11,97,5875.8093104070995,2703.0055877449995,46.0
2025-11,2025,11,99,8264.712517477,5142.392159509001,62.22
2025-12,2025,12,5,3464109.8445451017,1537550.912872493,44.39
2025-12,2025,12,8,1316556.0128898448,732111.511295456,55.61
2025-12,2025,12,11,4382012.442984279,1430510.592184,32.65
2025-12,2025,12,13,943784.7698209999,646418.14999554,68.49
2025-12,2025,12,15,569108.648723876,346539.795104607,60.89
2025-12,2025,12,17,483316.187196882,232935.91066828498,48.2
2025-12,2025,12,18,167769.080992718,129669.65593981801,77.29
2025-12,2025,12,19,672894.0640433051,563984.628945332,83.81
2025-12,2025,12,20,529469.486519515,382091.791010795,72.17
2025-12,2025,12,23,801765.24266992,656443.605029554,81.87
2025-12,2025,12,25,1788431.609407003,847181.3340720199,47.37
2025-12,2025,12,27,168277.79203582698,140077.95096002799,83.24
2025-12,2025,12,41,468502.17524145497,350696.068042272,74.85
2025-12,2025,12,44,355427.90639662,296110.24661771697,83.31
2025-12,2025,12,47,636360.017208456,470434.876642846,73.93
2025-12,2025,12,50,560321.39869282,311318.40906167997,55.56
2025-12,2025,12,52,922551.065284691,756937.7563009609,82.05
2025-12,2025,12,54,709063.5187320501,502430.83004815003,70.86
2025-12,2025,12,63,261577.14256528902,143188.01949134702,54.74
2025-12,2025,12,66,456723.963766141,218939.307804454,47.94
2025-12,2025,12,68,1114948.692737578,608575.511447422,54.58
2025-12,2025,12,70,449683.095278518,373060.472720936,82.96
2025-12,2025,12,73,626447.84309095,421544.21201599005,67.29
2025-12,2025,12,76,2144436.2140472196,1077674.72296277,50.25
2025-12,2025,12,81,42089.496062166,26221.530889533,62.3
2025-12,2025,12,85,82808.2952474,41967.6246161,50.68
2025-12,2025,12,86,18083.201527249,9660.615090813,53.42
2025-12,2025,12,88,20796.913943382002,4186.387592709,20.13
2025-12,2025,12,91,18448.36372208,8666.051683542999,46.97
2025-12,2025,12,94,9432.624289215002,7059.059440915001,74.84
2025-12,2025,12,95,25736.23648732,17123.453235082,66.53
2025-12,2025,12,97,5180.134599011,2140.1619150159995,41.31
2025-12,2025,12,99,7536.502633129999,4429.701876190999,58.78
2026-01,2026,1,5,3213500.230686552,1307600.901346959,40.69
2026-01,2026,1,8,1301449.1348631498,705868.7865004269,54.24
2026-01,2026,1,11,4203134.78317838,1315900.0921217198,31.31
2026-01,2026,1,13,900679.0707349001,558859.7036961799,62.05
2026-01,2026,1,15,485896.392009812,279864.99248323997,57.6
2026-01,2026,1,17,474798.6824721,248401.37847974704,52.32
2026-01,2026,1,18,145733.93481231498,108109.695073398,74.18
2026-01,2026,1,19,712626.809310518,571198.230862307,80.15
2026-01,2026,1,20,493726.29325473,363843.78243478,73.69
2026-01,2026,1,23,760497.7124158359,609388.358514232,80.13
2026-01,2026,1,25,1785263.16229191,721286.466695756,40.4
2026-01,2026,1,27,127692.90938651901,106220.588292146,83.18
2026-01,2026,1,41,474188.177597436,345311.22738712304,72.82
2026-01,2026,1,44,367210.412784805,308031.51223483204,83.88
2026-01,2026,1,47,611542.56915764,423469.02121744,69.25
2026-01,2026,1,50,527318.55088544,297372.21347853,56.39
2026-01,2026,1,52,890823.0480645269,755707.047747194,84.83
2026-01,2026,1,54,659956.24915539,473300.5847775,71.72
2026-01,2026,1,63,255201.08648067398,138446.39623597497,54.25
2026-01,2026,1,66,453337.68246714503,232279.74873622798,51.24
2026-01,2026,1,68,1072051.5268647939,627107.025288834,58.5
2026-01,2026,1,70,421567.374618663,363865.21435486997,86.31
2026-01,2026,1,73,581394.8741945599,421216.60832717,72.45
2026-01,2026,1,76,2097775.776131988,1088985.014480134,51.91
2026-01,2026,1,81,36859.652102301996,25112.608925254997,68.13
2026-01,2026,1,85,75498.77987177999,34623.11747633,45.86
2026-01,2026,1,86,16027.113963362995,11102.395889451,69.27
2026-01,2026,1,88,21175.173133543,4683.550562165001,22.12
2026-01,2026,1,91,16511.508915919,9125.943486708,55.27
2026-01,2026,1,94,9415.214428873001,7358.5025040420005,78.16
2026-01,2026,1,95,22840.905366495004,15775.997959605,69.07
2026-01,2026,1,97,4623.198348866,2017.260227836,43.63
2026-01,2026,1,99,6683.6203997719995,4172.874696446001,62.43
2026-02,2026,2,5,3263411.42382737,1512785.1898372099,46.36
2026-02,2026,2,8,1277060.9693672978,761317.216003641,59.61
2026-02,2026,2,11,4382589.04776123,1378139.55102978,31.45
2026-02,2026,2,13,938279.0192896,635690.2510933101,67.75
2026-02,2026,2,15,516904.999045636,319410.567483546,61.79
2026-02,2026,2,17,502763.839469086,252160.307967705,50.15
2026-02,2026,2,18,153539.35302600503,114087.61669181401,74.31
2026-02,2026,2,19,692580.608673034,526813.5113445569,76.07
2026-02,2026,2,20,562482.4283585341,381444.94486183405,67.81
2026-02,2026,2,23,868679.874545562,677347.047743693,77.97
2026-02,2026,2,25,1890460.244822132,842697.90684588,44.58
2026-02,2026,2,27,163935.008890573,140521.708937486,85.72
2026-02,2026,2,41,492895.898881642,354536.97353777604,71.93
2026-02,2026,2,44,370409.75823169097,311113.65828968596,83.99
2026-02,2026,2,47,605484.8325050201,429839.58151523,70.99
2026-02,2026,2,50,540475.48878206,333946.86321204,61.79
2026-02,2026,2,52,847701.9393853489,683355.964981392,80.61
2026-02,2026,2,54,748502.12602651,523548.2010301,69.95
2026-02,2026,2,63,267770.413231179,138213.768678755,51.62
2026-02,2026,2,66,462108.80893044407,203378.378428902,44.01
2026-02,2026,2,68,1095377.66792433,583381.250492803,53.26
2026-02,2026,2,70,435501.28868014296,356485.74675659,81.86
2026-02,2026,2,73,578879.8454583,379561.100919,65.57
2026-02,2026,2,76,2211905.8206672003,1140301.17330448,51.55
2026-02,2026,2,81,36393.728172274,25035.852762786,68.79
2026-02,2026,2,85,86320.23640768998,46784.170559670005,54.2
2026-02,2026,2,86,15711.219146548,7594.213296014001,48.34
2026-02,2026,2,88,22256.426297543,5532.852499323,24.86
2026-02,2026,2,91,15589.065321307999,9919.842961428,63.63
2026-02,2026,2,94,9441.995783440998,5878.500068107,62.26
2026-02,2026,2,95,25454.857352086,15716.576269686,61.74
2026-02,2026,2,97,5302.230075923,2212.8536270179998,41.73
2026-02,2026,2,99,7792.569727114,5271.048182017998,67.64
2026-03,2026,3,5,3353489.231478013,1530101.00281166,45.63
2026-03,2026,3,8,1332351.446850847,803923.208698509,60.34
2026-03,2026,3,11,4304224.30280315,1293210.29876483,30.05
2026-03,2026,3,13,955011.183202214,654644.910900097,68.55
2026-03,2026,3,15,567354.90853168,350266.830821277,61.74
2026-03,2026,3,17,490900.5045287099,250590.925937784,51.05
2026-03,2026,3,18,174392.54538697298,127578.194559014,73.16
2026-03,2026,3,19,684739.3270658869,547000.1839324881,79.88
2026-03,2026,3,20,554611.591877945,395817.92629926093,71.37
2026-03,2026,3,23,819468.521279813,651396.632347527,79.49
2026-03,2026,3,25,1844062.165090323,737373.499381494,39.99
2026-03,2026,3,27,136243.01855485002,104546.47397062501,76.74
2026-03,2026,3,41,541087.60700804,391761.1027867311,72.4
2026-03,2026,3,44,378475.018101995,317252.977710346,83.82
2026-03,2026,3,47,630514.598960445,471920.43813169503,74.85
2026-03,2026,3,50,539702.7170526,343451.06384341,63.64
2026-03,2026,3,52,918597.5113874631,756552.383796499,82.36
2026-03,2026,3,54,726509.76093569,491114.99467437004,67.6
2026-03,2026,3,63,285977.98161285406,143468.651303367,50.17
2026-03,2026,3,66,488805.391250232,238513.130284862,48.8
2026-03,2026,3,68,1107634.4789618421,577586.867500138,52.15
2026-03,2026,3,70,421717.956415067,355378.131199595,84.27
2026-03,2026,3,73,588839.50059101,377105.85176452,64.04
2026-03,2026,3,76,2282222.493136555,1306586.2587073902,57.25
2026-03,2026,3,81,36612.79646266,26821.73330028,73.26
2026-03,2026,3,85,85974.14600070001,37940.368490299996,44.13
2026-03,2026,3,86,15169.455866088003,9428.252945212,62.15
2026-03,2026,3,88,21651.406577284,4935.641725301999,22.8
2026-03,2026,3,91,16665.372897209,11253.313081708999,67.53
2026-03,2026,3,94,9795.746584329,5950.849551790998,60.75
2026-03,2026,3,95,27728.761613962,18208.533989870004,65.67
2026-03,2026,3,97,4658.46385172,1895.2958706593997,40.68
2026-03,2026,3,99,6809.367608753,3950.9381282799995,58.02
2026-04,2026,4,5,3513891.406772418,1646926.77492811,46.87
2026-04,2026,4,8,1339392.0096938328,745263.485828936,55.64
2026-04,2026,4,11,4345660.19896239,1389688.8806173098,31.98
2026-04,2026,4,13,934493.67545038,612765.1592599901,65.57
2026-04,2026,4,15,577522.688352676,288360.6726707041,49.93
2026-04,2026,4,17,484967.736949727,224717.25022767799,46.34
2026-04,2026,4,18,168898.87564816698,131663.542156409,77.95
2026-04,2026,4,19,764258.099640345,602908.308014779,78.89
2026-04,2026,4,20,590761.42423209,395474.05478676,66.94
2026-04,2026,4,23,812301.003412261,611147.229908189,75.24
2026-04,2026,4,25,1759980.029321507,755819.8650790161,42.94
2026-04,2026,4,27,161347.95578595798,136523.232169227,84.61
2026-04,2026,4,41,505092.5377989389,370286.43321994704,73.31
2026-04,2026,4,44,373290.787759091,297482.530926896,79.69
2026-04,2026,4,47,555313.16210724,400174.57037045003,72.06
2026-04,2026,4,50,538756.6370848999,291416.68530102004,54.09
2026-04,2026,4,52,834364.9135517031,661928.3745186359,79.33
2026-04,2026,4,54,692663.22061859,466480.46852568997,67.35
2026-04,2026,4,63,281696.977926624,140193.424748296,49.77
2026-04,2026,4,66,464880.66260026,232528.964382224,50.02
2026-04,2026,4,68,1112895.5107014868,597066.158783187,53.65
2026-04,2026,4,70,440207.29710156005,353769.90127302497,80.36
2026-04,2026,4,73,547489.1833903,329260.26469245995,60.14
2026-04,2026,4,76,2253514.550032261,1153767.311711174,51.2
2026-04,2026,4,81,39594.56789859,26594.467932035,67.17
2026-04,2026,4,85,84465.68189762,35359.66201755,41.86
2026-04,2026,4,86,14802.686620585,7826.077747063001,52.87
2026-04,2026,4,88,20998.828836643,5876.489490675,27.98
2026-04,2026,4,91,14484.94018384,6290.919308422001,43.43
2026-04,2026,4,94,10126.297840027,6843.128177189999,67.58
2026-04,2026,4,95,25661.331515406004,16562.681142925,64.54
2026-04,2026,4,97,5728.819014426999,2604.9647082710003,45.47
2026-04,2026,4,99,7602.057460369999,4152.988220542999,54.63
